DateTimePhoto,Code_exp,Code_Lieu,Phone,TypeNetwork_Fixed,aim_x_dd,aim_y_dd,aim.x,aim.y,point_x_dd,point_y_dd,point.x,point.y,distance_s12,distance_lon_UMT,distance_lat_UMT
2019:09:29 11:00:07,N1E1,HGGA,Experimental,2G,47.04779167,6.874791667,338568.95736,5212767.043,47.048333,6.874444,338544.18355,5212827.916,65.723974829,24.773812192,60.872984417
2019:09:29 11:43:26,N1E2,SGAF,Experimental,2G,47.05589444,6.879594444,338958.16773,5213657.5722,47.041667,6.884722,339304.84374,5212065.9958,1628.9726694,346.67601816,1591.576428
2019:09:29 11:43:44,N1S2,SGAF,Standard,4G,47.05589444,6.879594444,338958.16773,5213657.5722,47.055833,6.879444,338946.55702,5213651.0543,13.315582172,11.610703219,6.51789077
2019:09:29 11:55:44,N1E3,FAFO,Experimental,2G,47.05625,6.883172222,339230.9553,5213689.726,47.050833,6.876944,338741.61401,5213100.5748,765.90079603,489.34128449,589.15118632
2019:09:29 11:59:08,N1S3,FAFO,Standard,4G,47.05625,6.883172222,339230.9553,5213689.726,47.056111,6.883333,339242.74778,5213673.9491,19.697863829,11.792480948,15.776863133
2019:09:29 12:29:08,N1E4,JGAZ,Experimental,2G,47.05073611,6.886836111,339492.6622,5213069.468,47.041667,6.884722,339304.84374,5212065.9958,1020.9477737,187.8184573,1003.4721855
2019:09:29 12:33:55,N1S4,JGAZ,Standard,4G,47.05073611,6.886836111,339492.6622,5213069.468,47.050833,6.886667,339480.10845,5213080.5819,16.767201256,12.553754209,11.113898669
2019:09:29 13:08:51,N1E5,ARVR,Experimental,2G,nan,nan,nan,nan,nan,nan,nan,nan,nan,nan,nan
2019:09:29 13:12:39,N1S5,ARVR,Standard,4G,47.03736944,6.874911111,338546.57738,5211608.6202,47.0375,6.875,338553.72446,5211622.9453,16.009795249,7.1470763091,14.325169656
2019:09:29 13:54:47,N1E6,BOUD,Experimental,2G,47.02778333,6.887863889,339501.88393,5210516.7188,47.029167,6.884444,339246.17581,5210677.4978,302.06573537,255.70811888,160.77896151
2019:09:29 14:32:02,N1E7,FRBD,Experimental,2G,47.01961111,6.904538889,340744.64229,5209574.5209,47.019444,6.905,340779.18873,5209555.0128,39.67571367,34.546443298,19.508098902
2019:09:29 14:54:38,N1E8,FFBO,Experimental,2G,nan,nan,nan,nan,nan,nan,nan,nan,nan,nan,nan
2019:09:29 14:59:47,N1S8,FFBO,Standard,4G,47.01455556,6.908419444,341024.54613,5209004.8343,47.014722,6.908333,341018.47011,5209023.5055,19.636050819,6.0760182901,18.671225659
2019:09:29 15:15:45,N1S9,CRFO,Standard,4G,47.01142222,6.906258333,340850.9791,5208661.0317,47.011389,6.906389,340860.81231,5208657.0745,10.600047124,9.8332090348,3.9571763454
2019:09:29 15:16:04,N1E9,CRFO,Experimental,2G,47.01142222,6.906258333,340850.9791,5208661.0317,47.0125,6.903056,340610.77944,5208787.3145,271.38478404,240.199663,126.28284623
2019:09:29 15:41:27,N1E10,CRCH,Experimental,2G,nan,nan,nan,nan,nan,nan,nan,nan,nan,nan,nan
2019:09:29 15:41:37,N1S10,CRCH,Standard,4G,47.007325,6.903783333,340650.66576,5208210.7613,47.007222,6.903611,340637.25936,5208199.6662,17.402937377,13.406394715,11.095157121
2019:09:29 16:26:06,N1E11,SPON,Experimental,2G,nan,nan,nan,nan,nan,nan,nan,nan,nan,nan,nan
2019:09:29 16:26:18,N1S11,SPON,Standard,4G,46.99013056,6.908894444,340988.16524,5206289.64,46.990278,6.908889,340988.18874,5206306.0353,16.396231367,0.023494543682,16.395302799
2019:09:29 16:48:24,N1E12,GORG,Experimental,2G,46.98966944,6.911566667,341189.99387,5206232.9763,46.991944,6.911111,341162.0863,5206486.6606,255.22899513,27.907566061,253.68424982
2019:09:29 16:50:46,N1S12,GORG,Standard,4G,46.98966944,6.911566667,341189.99387,5206232.9763,46.989722,6.911667,341197.77896,5206238.6136,9.6122622007,7.7850932452,5.6372894011
2019:10:16 10:16:28,N2E1,HGGA,Experimental,3G,nan,nan,nan,nan,nan,nan,nan,nan,nan,nan,nan
2019:10:16 10:24:15,N2S1,HGGA,Standard,4G,47.04779167,6.874791667,338568.95736,5212767.043,47.048056,6.873889,338501.19106,5212798.2795,74.621565742,67.766302046,31.236515978
2019:10:16 10:48:15,N2E2,SGAF,Experimental,3G,47.05589444,6.879594444,338958.16773,5213657.5722,47.043333,6.875278,338592.44417,5212270.5672,1434.4778121,365.72355812,1387.0049966
2019:10:16 10:57:40,N2S2,SGAF,Standard,4G,47.05589444,6.879594444,338958.16773,5213657.5722,47.055833,6.879444,338946.55702,5213651.0543,13.315582172,11.610703219,6.51789077
2019:10:16 11:06:37,N2E3,FAFO,Experimental,3G,47.05625,6.883172222,339230.9553,5213689.726,47.053611,6.881389,339087.58593,5213400.1308,323.15594024,143.36936134,289.59518345
2019:10:16 11:13:29,N2S3,FAFO,Standard,4G,47.05625,6.883172222,339230.9553,5213689.726,47.056389,6.883333,339243.5836,5213704.8421,19.697844439,12.628301413,15.116125681
2019:10:16 11:38:39,N2E4,JGAZ,Experimental,3G,47.05073611,6.886836111,339492.6622,5213069.468,47.044722,6.891944,339862.61875,5212390.68,773.09589136,369.95654878,678.78798193
2019:10:16 11:42:51,N2S4,JGAZ,Standard,4G,47.05073611,6.886836111,339492.6622,5213069.468,47.050833,6.886944,339501.14753,5213080.0136,13.536183586,8.4853289482,10.545663711
2019:10:16 12:18:09,N2E5,ARVR,Experimental,3G,47.03736944,6.874911111,338546.57738,5211608.6202,47.037778,6.875278,338575.6835,5211653.2648,53.296787012,29.106117522,44.644603394
2019:10:16 12:20:37,N2S5,ARVR,Standard,4G,47.03736944,6.874911111,338546.57738,5211608.6202,47.037222,6.875,338552.8856,5211592.0525,17.728808787,6.3082225515,16.567718562
2019:10:16 13:07:42,N2E6,BOUD,Experimental,3G,47.02778333,6.887863889,339501.88393,5210516.7188,47.027778,6.887778,339495.34157,5210516.3026,6.5558201905,6.5423564735,0.41618133616
2019:10:16 13:10:11,N2S6,BOUD,Standard,4G,47.02778333,6.887863889,339501.88393,5210516.7188,47.027778,6.888056,339516.46572,5210515.7326,14.61563508,14.581789852,0.98619973101
2019:10:16 13:44:20,N2E7,FRBD,Experimental,3G,47.01961111,6.904538889,340744.64229,5209574.5209,47.017222,6.905833,340835.88973,5209306.3984,283.23891885,91.247439905,268.12245566
2019:10:16 13:46:53,N2S7,FRBD,Standard,4G,47.01961111,6.904538889,340744.64229,5209574.5209,47.019722,6.904444,340737.7608,5209587.0366,14.283528642,6.881484795,12.515728108
2019:10:16 14:10:23,N2E8,FFBO,Experimental,3G,47.01455556,6.908419444,341024.54613,5209004.8343,47.017222,6.905833,340835.88973,5209306.3984,355.73184077,188.65640304,301.56411968
2019:10:16 14:13:15,N2S8,FFBO,Standard,4G,47.01455556,6.908419444,341024.54613,5209004.8343,47.014444,6.908333,341017.64474,5208992.6127,14.036295717,6.9013944514,12.221601456
2019:10:16 14:31:26,N2E9,CRFO,Experimental,3G,47.01142222,6.906258333,340850.9791,5208661.0317,47.012222,6.903333,340631.0063,5208755.8578,239.55163708,219.97279652,94.826159187
2019:10:16 14:37:28,N2S9,CRFO,Standard,4G,47.01142222,6.906258333,340850.9791,5208661.0317,47.011389,6.906389,340860.81231,5208657.0745,10.600047124,9.8332090348,3.9571763454
2019:10:16 14:49:43,N2E10,CRCH,Experimental,3G,47.007325,6.903783333,340650.66576,5208210.7613,47.012222,6.903333,340631.0063,5208755.8578,545.48050255,19.65945262,545.09653915
2019:10:16 14:52:19,N2S10,CRCH,Standard,4G,47.007325,6.903783333,340650.66576,5208210.7613,47.0075,6.903889,340659.21867,5208229.9932,21.0490673,8.5529180644,19.231859718
2019:10:16 15:28:40,N2E11,SPON,Experimental,3G,46.99013056,6.908894444,340988.16524,5206289.64,46.990278,6.911111,341157.14846,5206301.5265,169.40800498,168.98321768,11.886522132
2019:10:16 15:32:04,N2S11,SPON,Standard,4G,46.99013056,6.908894444,340988.16524,5206289.64,46.99,6.908889,340987.36391,5206275.1426,14.520346473,0.801330777,14.497409591
2019:10:16 15:47:11,N2E12,GORG,Experimental,3G,46.98966944,6.911566667,341189.99387,5206232.9763,46.990278,6.911111,341157.14846,5206301.5265,76.016886248,32.845406247,68.550179709
2019:10:16 15:50:29,N2S12,GORG,Standard,4G,46.98966944,6.911566667,341189.99387,5206232.9763,46.989722,6.911667,341197.77896,5206238.6136,9.6122622007,7.7850932452,5.6372894011
2019:10:20 10:51:31,N3S1,HGGA,Standard,4G,47.04779167,6.874791667,338568.95736,5212767.043,47.0475,6.873611,338478.39585,5212737.0675,95.396761672,90.561515263,29.975538008
2019:10:20 10:55:07,N3E1,HGGA,Experimental,4G,47.04779167,6.874791667,338568.95736,5212767.043,47.045833,6.882778,339169.69109,5212532.939,644.75979906,600.73372859,234.1040061
2019:10:20 11:28:43,N3E2,SGAF,Experimental,4G,47.05589444,6.879594444,338958.16773,5213657.5722,47.046667,6.883889,339256.58956,5212623.3349,1076.4809125,298.42182933,1034.2372721
2019:10:20 11:31:37,N3S2,SGAF,Standard,4G,47.05589444,6.879594444,338958.16773,5213657.5722,47.045278,6.874167,338513.92011,5212488.9987,1250.2245738,444.24761764,1168.5735057
2019:10:20 11:47:41,N3E3,FAFO,Experimental,4G,47.05625,6.883172222,339230.9553,5213689.726,47.053333,6.8825,339171.12961,5213366.9535,328.28582536,59.825686112,322.77248324
2019:10:20 11:50:55,N3S3,FAFO,Standard,4G,47.05625,6.883172222,339230.9553,5213689.726,47.0525,6.883056,339210.85305,5213273.2429,416.98814248,20.102242637,416.48301686
2019:10:20 12:17:35,N3E4,JGAZ,Experimental,4G,47.05073611,6.886836111,339492.6622,5213069.468,47.068611,6.951944,344489.84321,5214924.3371,5330.5803443,4997.1810039,1854.8690908
2019:10:20 12:18:23,N3S4,JGAZ,Standard,4G,47.05073611,6.886836111,339492.6622,5213069.468,47.055,6.887222,339534.76713,5213542.5047,474.93055334,42.104932302,473.03675398
2019:10:20 12:58:19,N3E5,ARVR,Experimental,4G,47.03736944,6.874911111,338546.57738,5211608.6202,47.036389,6.876667,338677.02051,5211496.0474,172.30878787,130.44312615,112.57280869
2019:10:20 13:01:24,N3S5,ARVR,Standard,4G,47.03736944,6.874911111,338546.57738,5211608.6202,47.0375,6.875,338553.72446,5211622.9453,16.009795249,7.1470763091,14.325169656
2019:10:20 13:35:25,N3E6,BOUD,Experimental,4G,47.02778333,6.887863889,339501.88393,5210516.7188,47.021944,6.890278,339667.83332,5209862.8739,674.60881814,165.9493921,653.84491134
2019:10:20 14:09:02,N3E7,FRBD,Experimental,4G,47.01961111,6.904538889,340744.64229,5209574.5209,47.022778,6.890833,339712.50741,5209954.4159,1099.873201,1032.1348755,379.89498797
2019:10:20 14:12:25,N3S7,FRBD,Standard,4G,47.01961111,6.904538889,340744.64229,5209574.5209,47.020556,6.896389,340128.09043,5209696.1338,628.45676384,616.55185907,121.6129182
2019:10:20 14:36:08,N3E8,FFBO,Experimental,4G,47.01455556,6.908419444,341024.54613,5209004.8343,47.018333,6.905,340775.8847,5209431.5525,493.90901513,248.66142918,426.71823024
2019:10:20 14:38:50,N3S8,FFBO,Standard,4G,47.01455556,6.908419444,341024.54613,5209004.8343,47.016944,6.903611,340666.1878,5209280.0255,451.85151709,358.35832801,275.19116979
2019:10:20 14:55:39,N3E9,CRFO,Experimental,4G,47.01142222,6.906258333,340850.9791,5208661.0317,47.010278,6.903611,340646.35219,5208539.2646,238.12709288,204.62691035,121.76706316
2019:10:20 14:58:26,N3S9,CRFO,Standard,4G,47.01142222,6.906258333,340850.9791,5208661.0317,47.011389,6.902778,340586.34208,5208664.4204,264.66963339,264.63701727,3.3887311053
2019:10:20 15:14:53,N3E10,CRCH,Experimental,4G,47.007325,6.903783333,340650.66576,5208210.7613,47.010278,6.903611,340646.35219,5208539.2646,328.54946073,4.3135664475,328.5033168
2019:10:20 15:16:41,N3S10,CRCH,Standard,4G,nan,nan,nan,nan,nan,nan,nan,nan,nan,nan,nan
2019:10:20 15:53:23,N3E11,SPON,Experimental,4G,46.99013056,6.908894444,340988.16524,5206289.64,46.991389,6.911944,341223.7809,5206423.2972,270.89812211,235.61566045,133.65722732
2019:10:20 16:03:39,N3S11,SPON,Standard,4G,46.99013056,6.908894444,340988.16524,5206289.64,46.99,6.908889,340987.36391,5206275.1426,14.520346473,0.801330777,14.497409591
2019:10:20 16:17:13,N3E12,GORG,Experimental,4G,46.98966944,6.911566667,341189.99387,5206232.9763,46.991389,6.911944,341223.7809,5206423.2972,193.3075303,33.787036524,190.32088489
2019:10:20 16:27:44,N3S12,GORG,Standard,4G,46.98966944,6.911566667,341189.99387,5206232.9763,46.989722,6.912222,341239.98131,5206237.4885,50.192857021,49.987446055,4.5121559314
2019:10:22 09:05:24,N4E1,GANE,Experimental,2G,nan,nan,nan,nan,nan,nan,nan,nan,nan,nan,nan
2019:10:22 09:27:24,N4E2,EGAD,Experimental,2G,46.99444444,6.935377778,343014.58824,5206715.5935,46.993611,6.937222,343152.37173,5206619.2824,168.11663413,137.78349054,96.311122719
2019:10:22 09:59:22,N4E3,PORT,Experimental,2G,46.98968889,6.936086111,343054.51889,5206185.7133,46.993333,6.936667,343109.35849,5206589.5013,407.52083632,54.839601043,403.78797707
2019:10:22 10:03:25,N4S3,PORT,Standard,4G,46.98968889,6.936086111,343054.51889,5206185.7133,46.990833,6.934167,342911.94244,5206316.6999,193.62257555,142.57645452,130.98653501
2019:10:22 10:25:35,N4E4,MOCH,Experimental,2G,46.99176944,6.928591667,342490.75329,5206431.9591,46.994167,6.927222,342393.65881,5206701.1434,286.1769783,97.09447813,269.18428341
2019:10:22 10:28:18,N4S4,MOCH,Standard,4G,46.99176944,6.928591667,342490.75329,5206431.9591,46.991667,6.928611,342491.92224,5206420.5366,11.482885117,1.168953278,11.422523743
2019:10:22 10:39:37,N4E5,ESCH,Experimental,2G,46.99189,6.92735,342396.69468,5206447.8542,46.989167,6.924444,342167.71141,5206151.1128,374.83936506,228.98326843,296.74141739
2019:10:22 10:42:22,N4S5,ESCH,Standard,4G,46.99189,6.92735,342396.69468,5206447.8542,46.991667,6.9275,342407.4445,5206422.7715,27.290809154,10.749822367,25.082703441
2019:10:22 11:15:21,N4E6,BELV,Experimental,2G,46.99817222,6.926916667,342382.22523,5207146.8382,46.999167,6.924167,342176.103,5207262.9211,236.57394362,206.12222469,116.08288101
2019:10:22 11:18:06,N4S6,BELV,Standard,4G,46.99817222,6.926916667,342382.22523,5207146.8382,46.995833,6.927778,342440.83244,5206885.159,268.17811379,58.607213454,261.67921974
2019:10:25 14:06:05,N5E1,GANE,Experimental,3G,46.99615278,6.935441667,343024.45061,5206905.3049,46.995278,6.931111,342692.61663,5206816.7844,343.4553906,331.83397099,88.52046185
2019:10:25 14:10:19,N5S1,GANE,Standard,4G,46.99615278,6.935441667,343024.45061,5206905.3049,46.996667,6.936111,343076.84678,5206961.1063,76.549505022,52.39617371,55.801353355
2019:10:25 14:27:42,N5E2,EGAD,Experimental,3G,46.99444444,6.935377778,343014.58824,5206715.5935,46.994167,6.938056,343217.41151,5206679.3981,206.03812984,202.82326859,36.195487997
2019:10:25 14:31:36,N5S2,EGAD,Standard,4G,nan,nan,nan,nan,nan,nan,nan,nan,nan,nan,nan
2019:10:25 14:50:02,N5E3,PORT,Experimental,3G,46.98968889,6.936086111,343054.51889,5206185.7133,46.991944,6.933333,342851.78394,5206441.8328,326.66646602,202.73495008,256.11948098
2019:10:25 14:50:12,N5S3,PORT,Standard,4G,46.98968889,6.936086111,343054.51889,5206185.7133,46.989722,6.936111,343056.50842,5206189.3428,4.1392505658,1.9895263114,3.6294758394
2019:10:25 15:18:55,N5E4,MOCH,Experimental,3G,46.99176944,6.928591667,342490.75329,5206431.9591,46.991389,6.927778,342427.76556,5206391.3194,74.964176257,62.987727646,40.639714628
2019:10:25 15:19:04,N5S4,MOCH,Standard,4G,nan,nan,nan,nan,nan,nan,nan,nan,nan,nan,nan
2019:10:25 15:33:08,N5E5,ESCH,Experimental,3G,46.99189,6.92735,342396.69468,5206447.8542,46.994444,6.927222,342394.47351,5206731.925,284.09687818,2.2211693064,284.07084362
2019:10:25 15:36:15,N5S5,ESCH,Standard,4G,46.99189,6.92735,342396.69468,5206447.8542,46.991944,6.926944,342365.9824,5206454.672,31.46144477,30.712284249,6.8178181546
2019:10:25 16:04:31,N5E6,BELV,Experimental,3G,46.99817222,6.926916667,342382.22523,5207146.8382,46.998611,6.921944,342005.45563,5207205.618,381.34517063,376.76960155,58.779852686
2019:10:25 16:04:41,N5S6,BELV,Standard,4G,46.99817222,6.926916667,342382.22523,5207146.8382,46.995833,6.928889,342525.30361,5206882.9244,300.22052604,143.07837852,263.91378918
2019:10:30 12:41:35,N6E1,GANE,Experimental,4G,46.99615278,6.935441667,343024.45061,5206905.3049,46.996389,6.934444,342949.28913,5206933.5551,80.299342911,75.161476484,28.250182268
2019:10:30 12:43:48,N6S1,GANE,Standard,4G,46.99615278,6.935441667,343024.45061,5206905.3049,46.996667,6.935,342992.3769,5206963.333,66.306208581,32.073701986,58.028122346
2019:10:30 13:28:16,N6E2,EGAD,Experimental,4G,46.99444444,6.935377778,343014.58824,5206715.5935,46.993056,6.934722,342960.65824,5206562.6178,162.2137448,53.930000531,152.97576577
2019:10:30 13:37:30,N6S2,EGAD,Standard,4G,46.99444444,6.935377778,343014.58824,5206715.5935,46.994167,6.935556,343027.32639,5206684.4058,33.690896446,12.738154891,31.18776418
2019:10:30 13:50:38,N6E3,PORT,Experimental,4G,46.98968889,6.936086111,343054.51889,5206185.7133,46.9925,6.934722,342959.02891,5206500.8323,329.28977454,95.489977846,315.11893884
2019:10:30 13:50:48,N6S3,PORT,Standard,4G,46.98968889,6.936086111,343054.51889,5206185.7133,46.989444,6.936111,343055.69434,5206158.45,27.290333566,1.1754544066,27.263270443
2019:10:30 14:27:17,N6E4,MOCH,Experimental,4G,46.99176944,6.928591667,342490.75329,5206431.9591,46.991111,6.928056,342448.08684,5206359.8674,83.776246746,42.666448445,72.091721701
2019:10:30 14:28:16,N6S4,MOCH,Standard,4G,46.99176944,6.928591667,342490.75329,5206431.9591,46.991667,6.928611,342491.92224,5206420.5366,11.482885117,1.168953278,11.422523743
2019:10:30 14:40:45,N6E5,ESCH,Experimental,4G,46.99189,6.92735,342396.69468,5206447.8542,46.995,6.926667,342353.91059,5206794.8276,349.62244775,42.784090304,346.97339144
2019:10:30 14:43:56,N6S5,ESCH,Standard,4G,nan,nan,nan,nan,nan,nan,nan,nan,nan,nan,nan
2019:11:05 11:16:13,N7E1,GALO,Experimental,2G,nan,nan,nan,nan,nan,nan,nan,nan,nan,nan,nan
2019:11:05 11:20:08,N7S1,GALO,Standard,4G,47.05758611,6.746161111,328829.86764,5214128.8638,47.0575,6.746667,328868.01087,5214118.188,39.608817388,38.143231801,10.675751956
2019:11:05 11:45:04,N7E2,BCEC,Experimental,2G,47.0621,6.745227778,328773.44564,5214632.5132,47.056111,6.746667,328863.56486,5213963.8352,674.72743439,90.119217329,668.67804455
2019:11:05 11:49:25,N7S2,BCEC,Standard,4G,nan,nan,nan,nan,nan,nan,nan,nan,nan,nan,nan
2019:11:05 12:12:44,N7E3,SAAB,Experimental,2G,47.07007778,6.751058333,329241.68958,5215506.3007,47.056111,6.746667,328863.56486,5213963.8352,1588.1471693,378.12472289,1542.4655422
2019:11:05 12:12:53,N7S3,SAAB,Standard,4G,nan,nan,nan,nan,nan,nan,nan,nan,nan,nan,nan
2019:11:05 12:33:46,N7E4,CCHP,Experimental,2G,47.07184722,6.749775,329149.90911,5215705.733,47.056111,6.746667,328863.56486,5213963.8352,1765.2883622,286.34425008,1741.8978209
2019:11:05 12:33:55,N7S4,CCHP,Standard,4G,nan,nan,nan,nan,nan,nan,nan,nan,nan,nan,nan
2019:11:05 13:04:01,N7E5,FERM,Experimental,2G,nan,nan,nan,nan,nan,nan,nan,nan,nan,nan,nan
2019:11:05 13:07:59,N7S5a,FERM,Standard,4G,nan,nan,nan,nan,nan,nan,nan,nan,nan,nan,nan
2019:11:05 13:15:14,N7S5b,FERM,Standard,4G,nan,nan,nan,nan,nan,nan,nan,nan,nan,nan,nan
2019:11:05 13:26:20,N7S6a,ESCA,Standard,4G,47.08454722,6.754902778,329579.74203,5217105.8391,47.084722,6.754722,329566.57779,5217125.6556,23.790715247,13.164244335,19.816539408
2019:11:05 13:26:41,N7E6,ESCA,Experimental,2G,nan,nan,nan,nan,nan,nan,nan,nan,nan,nan,nan
2019:11:05 13:49:20,N7S6b,ESCA,Standard,4G,47.08454722,6.754902778,329579.74203,5217105.8391,47.084444,6.754722,329565.69072,5217094.7627,17.892084521,14.051307246,11.076392662
2019:11:05 15:23:57,N7E7,MAIL,Experimental,2G,nan,nan,nan,nan,nan,nan,nan,nan,nan,nan,nan
2019:11:05 15:29:33,N7S7,MAIL,Standard,4G,47.10309167,6.786602778,332044.27181,5219098.0116,47.103056,6.786667,332049.03266,5219093.9097,6.2842461449,4.760849635,4.1018460765
2019:11:05 16:06:17,N7E8,VREV,Experimental,2G,nan,nan,nan,nan,nan,nan,nan,nan,nan,nan,nan
2019:11:05 16:06:36,N7S8,VREV,Standard,4G,47.10425,6.803947222,333363.96217,5219189.6146,47.161944,6.930278,343119.42813,5225339.4632,11532.527288,9755.4659545,6149.848636
2019:11:05 16:47:07,N7E9,CRET,Experimental,2G,47.10624444,6.812616667,334027.97658,5219392.806,47.106389,6.827222,335136.59292,5219377.9644,1108.7342585,1108.616341,14.841641872
2019:11:05 16:48:22,N7S9,CRET,Standard,4G,nan,nan,nan,nan,nan,nan,nan,nan,nan,nan,nan
2019:11:05 17:26:28,N7E10,GACH,Experimental,2G,47.09890278,6.825008333,334945.48683,5218550.7191,47.098333,6.823333,334816.59165,5218490.9399,142.0857389,128.89518525,59.7792328
2019:11:05 17:27:22,N7S10,GACH,Standard,4G,47.09890278,6.825008333,334945.48683,5218550.7191,47.099167,6.824722,334924.57549,5218580.6855,36.542252134,20.91134157,29.966323747
2019:11:24 11:14:56,N8E1,GALO,Experimental,3G,47.05758611,6.746161111,328829.86764,5214128.8638,47.056111,6.746111,328821.33924,5213965.0516,164.03504348,8.5284045098,163.81217264
2019:11:24 11:18:58,N8S1,GALO,Standard,4G,nan,nan,nan,nan,nan,nan,nan,nan,nan,nan,nan
2019:11:24 11:42:27,N8E2,BCEC,Experimental,3G,47.0621,6.745227778,328773.44564,5214632.5132,47.0575,6.751944,329268.76419,5214106.658,722.40195608,495.31854479,525.85520173
2019:11:24 11:46:21,N8S2,BCEC,Standard,4G,47.0621,6.745227778,328773.44564,5214632.5132,47.052222,6.749444,329062.03284,5213525.5986,1143.921831,288.58719756,1106.9146476
2019:11:24 12:13:28,N8S3,SAAB,Standard,4G,nan,nan,nan,nan,nan,nan,nan,nan,nan,nan,nan
2019:11:24 12:13:38,N8E3,SAAB,Experimental,3G,47.07007778,6.751058333,329241.68958,5215506.3007,47.052778,6.747778,328937.27732,5213591.0254,1939.3296995,304.41225929,1915.2752963
2019:11:24 12:35:32,N8E4,CCHP,Experimental,3G,47.07184722,6.749775,329149.90911,5215705.733,47.052778,6.747778,328937.27732,5213591.0254,2125.3856503,212.63178648,2114.707575
2019:11:24 12:35:44,N8S4,CCHP,Standard,4G,nan,nan,nan,nan,nan,nan,nan,nan,nan,nan,nan
2019:11:24 13:05:43,N8E5,FERM,Experimental,3G,47.08025,6.75442,329529.38355,5216629.3601,47.125278,7.035,350954.41798,5221059.8217,21879.190984,21425.034429,4430.4615651
2019:11:24 13:05:55,N8S5,FERM,Standard,4G,nan,nan,nan,nan,nan,nan,nan,nan,nan,nan,nan
2019:11:24 13:27:44,N8S6,ESCA,Standard,4G,47.08454722,6.754902778,329579.74203,5217105.8391,47.080278,6.754444,329531.29476,5216632.4193,475.89659571,48.447268748,473.41976084
2019:11:24 13:28:03,N8E6,ESCA,Experimental,3G,nan,nan,nan,nan,nan,nan,nan,nan,nan,nan,nan
2019:11:24 14:29:43,N8E7,CHOU,Experimental,3G,nan,nan,nan,nan,nan,nan,nan,nan,nan,nan,nan
2019:11:24 14:30:53,N8S7,CHOU,Standard,4G,nan,nan,nan,nan,nan,nan,nan,nan,nan,nan,nan
2019:11:24 15:49:54,N8E8,MAIL,Experimental,3G,nan,nan,nan,nan,nan,nan,nan,nan,nan,nan,nan
2019:11:24 15:50:07,N8S8,MAIL,Standard,4G,nan,nan,nan,nan,nan,nan,nan,nan,nan,nan,nan
2019:11:24 16:26:23,N8S9,VREV,Standard,4G,47.10425,6.803947222,333363.96217,5219189.6146,47.161667,6.930278,343118.61239,5225308.6808,11515.449102,9754.6502179,6119.0662094
2019:11:24 16:26:37,N8E9,VREV,Experimental,3G,47.10425,6.803947222,333363.96217,5219189.6146,47.281667,7.052222,352694.36312,5238406.512,27258.72076,19330.400945,19216.897454
2019:11:24 16:51:49,N8E10,CRET,Experimental,3G,47.10624444,6.812616667,334027.97658,5219392.806,47.106389,6.828056,335199.87196,5219376.2058,1172.0327354,1171.8953821,16.600198658
2019:11:24 16:53:42,N8S10,CRET,Standard,4G,nan,nan,nan,nan,nan,nan,nan,nan,nan,nan,nan
2019:11:24 17:33:44,N8E11,GACH,Experimental,3G,47.09890278,6.825008333,334945.48683,5218550.7191,47.098889,6.824444,334902.61993,5218550.3794,42.869029876,42.866905008,0.33975849766
2019:11:24 17:35:10,N8S11,GACH,Standard,4G,47.09890278,6.825008333,334945.48683,5218550.7191,47.099167,6.825278,334966.76723,5218579.5116,35.804095126,21.280393402,28.79250565
2019:11:26 10:43:30,N9E1,GALO,Experimental,4G,nan,nan,nan,nan,nan,nan,nan,nan,nan,nan,nan
2019:11:26 10:46:58,N9S1,GALO,Standard,4G,47.05758611,6.746161111,328829.86764,5214128.8638,47.057222,6.746667,328867.12102,5214087.2952,55.818979889,37.253380556,41.568546301
2019:11:26 11:12:26,N9E2,BCEC,Experimental,4G,47.0621,6.745227778,328773.44564,5214632.5132,47.051389,6.749167,329038.33129,5213433.6366,1227.7975727,264.8856483,1198.8766004
2019:11:26 11:12:39,N9S2,BCEC,Standard,4G,47.0621,6.745227778,328773.44564,5214632.5132,47.061667,6.745833,328818.01768,5214583.0714,66.566938251,44.57204077,49.441810467
2019:11:26 11:41:40,N9S3,SAAB,Standard,4G,nan,nan,nan,nan,nan,nan,nan,nan,nan,nan,nan
2019:11:26 11:41:55,N9E3,SAAB,Experimental,4G,47.07007778,6.751058333,329241.68958,5215506.3007,47.074167,6.757222,329722.70025,5215947.2792,652.56044994,481.01067233,440.97852081
2019:11:26 12:08:45,N9S4,CCHP,Standard,4G,nan,nan,nan,nan,nan,nan,nan,nan,nan,nan,nan
2019:11:26 12:08:57,N9E4,CCHP,Experimental,4G,47.07184722,6.749775,329149.90911,5215705.733,47.058611,6.745,328744.97213,5214245.296,1515.5452958,404.93698083,1460.4369934
2019:11:26 12:43:24,N9E5,FERM,Experimental,4G,nan,nan,nan,nan,nan,nan,nan,nan,nan,nan,nan
2019:11:26 12:43:40,N9S5,FERM,Standard,4G,47.08025,6.75442,329529.38355,5216629.3601,47.08,6.754167,329509.38019,5216602.1302,33.787727457,20.00335679,27.229859176
2019:11:26 13:48:50,N9S6,CHOU,Standard,4G,47.09497778,6.755838889,329684.06635,5218262.9031,47.095,6.756111,329704.78775,5218264.7796,20.806130388,20.721405792,1.8764856579
2019:11:26 13:49:11,N9E6,CHOU,Experimental,4G,nan,nan,nan,nan,nan,nan,nan,nan,nan,nan,nan
2019:11:26 14:57:18,N9S7,MAIL,Standard,4G,nan,nan,nan,nan,nan,nan,nan,nan,nan,nan,nan
2019:11:26 14:57:32,N9E7,MAIL,Experimental,4G,nan,nan,nan,nan,nan,nan,nan,nan,nan,nan,nan
2019:11:26 15:33:59,N9E8,VREV,Experimental,4G,47.10425,6.803947222,333363.96217,5219189.6146,47.280556,7.049444,352481.18694,5238288.2989,27024.254849,19117.224761,19098.684334
2019:11:26 15:34:15,N9S8,VREV,Standard,4G,47.10425,6.803947222,333363.96217,5219189.6146,47.103889,6.803889,333358.41744,5219149.6221,40.376014367,5.5447350329,39.992467011
2019:11:26 16:02:09,N9E9,CRET,Experimental,4G,47.10624444,6.812616667,334027.97658,5219392.806,47.106389,6.828056,335199.87196,5219376.2058,1172.0327354,1171.8953821,16.600198658
2019:11:26 16:03:35,N9S9,CRET,Standard,4G,47.10624444,6.812616667,334027.97658,5219392.806,47.105556,6.811111,333911.5929,5219319.5001,137.548578,116.38368056,73.305904255
2019:11:26 16:38:01,N9E10,GACH,Experimental,4G,47.09890278,6.825008333,334945.48683,5218550.7191,47.098889,6.824444,334902.61993,5218550.3794,42.869029876,42.866905008,0.33975849766
2019:11:26 16:39:00,N9S10,GACH,Standard,4G,47.09890278,6.825008333,334945.48683,5218550.7191,47.098889,6.824722,334923.71591,5218549.7923,21.791043111,21.770927995,0.92678057961
2019:12:07 10:40:44,N10S1,GALO,Standard,4G,47.05758611,6.746161111,328829.86764,5214128.8638,47.057778,6.746111,328826.67643,5214150.2972,21.66984484,3.1912165546,21.433451726
2019:12:07 10:40:58,N10E1,GALO,Experimental,2G,nan,nan,nan,nan,nan,nan,nan,nan,nan,nan,nan
2019:12:07 11:11:57,N10E2,BCEC,Experimental,2G,47.0621,6.745227778,328773.44564,5214632.5132,47.056389,6.7475,328927.71685,5213992.9061,657.95254904,154.27121211,639.60712376
2019:12:07 11:12:10,N10S2,BCEC,Standard,4G,47.0621,6.745227778,328773.44564,5214632.5132,47.058611,6.745,328744.97213,5214245.296,388.26497929,28.473513413,387.21721711
2019:12:07 11:38:33,N10S3,SAAB,Standard,4G,nan,nan,nan,nan,nan,nan,nan,nan,nan,nan,nan
2019:12:07 11:38:45,N10E3,SAAB,Experimental,2G,nan,nan,nan,nan,nan,nan,nan,nan,nan,nan,nan
2019:12:07 11:59:02,N10E4,CCHP,Experimental,2G,47.07184722,6.749775,329149.90911,5215705.733,47.056389,6.7475,328927.71685,5213992.9061,1727.1904868,222.1922553,1712.8269001
2019:12:07 11:59:17,N10S4,CCHP,Standard,4G,nan,nan,nan,nan,nan,nan,nan,nan,nan,nan,nan
2019:12:07 12:30:51,N10E5,FERM,Experimental,2G,47.08025,6.75442,329529.38355,5216629.3601,47.0975,7.035556,350919.01407,5217971.8602,21432.554139,21389.630521,1342.5000658
2019:12:07 12:31:02,N10S5,FERM,Standard,4G,47.08025,6.75442,329529.38355,5216629.3601,47.076667,6.781111,331544.22983,5216173.3602,2065.8040773,2014.8462769,455.99988058
2019:12:07 13:12:58,N10S6,CHOU,Standard,4G,nan,nan,nan,nan,nan,nan,nan,nan,nan,nan,nan
2019:12:07 13:13:09,N10E6,CHOU,Experimental,2G,nan,nan,nan,nan,nan,nan,nan,nan,nan,nan,nan
2019:12:07 14:28:08,N10E7,MAIL,Experimental,2G,nan,nan,nan,nan,nan,nan,nan,nan,nan,nan,nan
2019:12:07 14:28:24,N10S7,MAIL,Standard,4G,47.10309167,6.786602778,332044.27181,5219098.0116,47.103056,6.786667,332049.03266,5219093.9097,6.2842461449,4.760849635,4.1018460765
2019:12:07 15:03:12,N10E8,VREV,Experimental,2G,nan,nan,nan,nan,nan,nan,nan,nan,nan,nan,nan
2019:12:07 15:03:33,N10S8,VREV,Standard,4G,47.10425,6.803947222,333363.96217,5219189.6146,47.103056,6.786667,332049.03266,5219093.9097,1318.419918,1314.9295115,95.704890629
2019:12:07 15:29:07,N10E9,CRET,Experimental,2G,47.10624444,6.812616667,334027.97658,5219392.806,47.106667,6.826944,335116.35872,5219409.4438,1088.5275188,1088.3821409,16.637836502
2019:12:07 15:30:11,N10S9,CRET,Standard,4G,47.10624444,6.812616667,334027.97658,5219392.806,47.106944,6.826389,335075.10473,5219441.3966,1048.2724476,1047.1281556,48.5906393
2019:12:07 16:08:27,N10E10,GACH,Experimental,2G,47.09890278,6.825008333,334945.48683,5218550.7191,47.098056,6.822778,334773.61789,5218461.3307,193.7286851,171.86893916,89.388446281
2019:12:07 16:09:24,N10S10,GACH,Standard,4G,47.09890278,6.825008333,334945.48683,5218550.7191,47.099167,6.825,334945.67136,5218580.0985,29.380881204,0.18452577479,29.379377158
2019:12:10 10:41:11,N11E1,GALO,Experimental,3G,nan,nan,nan,nan,nan,nan,nan,nan,nan,nan,nan
2019:12:10 10:41:42,N11S1,GALO,Standard,4G,47.05758611,6.746161111,328829.86764,5214128.8638,47.057222,6.746944,328888.15745,5214086.6893,71.946911273,58.2898088,42.174451277
2019:12:10 11:11:48,N11E2,BCEC,Experimental,3G,47.0621,6.745227778,328773.44564,5214632.5132,47.0575,6.751944,329268.76419,5214106.658,722.40195608,495.31854479,525.85520173
2019:12:10 11:12:01,N11S2,BCEC,Standard,4G,47.0621,6.745227778,328773.44564,5214632.5132,47.062222,6.745,328756.53973,5214646.5691,21.985803228,16.90591183,14.055884057
2019:12:10 11:40:26,N11S3,SAAB,Standard,4G,47.07007778,6.751058333,329241.68958,5215506.3007,47.074722,6.757778,329766.67985,5216007.7435,725.99057664,524.99026971,501.44281926
2019:12:10 11:40:37,N11E3,SAAB,Experimental,3G,47.07007778,6.751058333,329241.68958,5215506.3007,47.055,6.748611,329007.64962,5213836.1244,1686.5067637,234.03995751,1670.1762818
2019:12:10 12:14:37,N11S4,CCHP,Standard,4G,47.07184722,6.749775,329149.90911,5215705.733,47.058611,6.745,328744.97213,5214245.296,1515.5452958,404.93698083,1460.4369934
2019:12:10 12:14:49,N11E4,CCHP,Experimental,3G,47.07184722,6.749775,329149.90911,5215705.733,47.055,6.748611,329007.64962,5213836.1244,1875.0266278,142.2594847,1869.6085605
2019:12:10 12:59:38,N11E5,FERM,Experimental,3G,47.08025,6.75442,329529.38355,5216629.3601,47.0825,7.033056,350687.36625,5216309.7222,21161.209469,21157.982701,319.63789192
2019:12:10 12:59:48,N11S5,FERM,Standard,4G,nan,nan,nan,nan,nan,nan,nan,nan,nan,nan,nan
2019:12:10 13:51:52,N11E6,CHOU,Experimental,3G,nan,nan,nan,nan,nan,nan,nan,nan,nan,nan,nan
2019:12:10 13:52:52,N11S6,CHOU,Standard,4G,47.09497778,6.755838889,329684.06635,5218262.9031,47.095,6.755833,329683.69031,5218265.3852,2.510392157,0.37603873736,2.4820446353
2019:12:10 15:17:11,N11E7,MAIL,Experimental,3G,nan,nan,nan,nan,nan,nan,nan,nan,nan,nan,nan
2019:12:10 15:18:01,N11S7,MAIL,Standard,4G,nan,nan,nan,nan,nan,nan,nan,nan,nan,nan,nan
2019:12:10 15:59:21,N11E8,VREV,Experimental,3G,47.10425,6.803947222,333363.96217,5219189.6146,47.115556,6.832778,335586.39491,5220384.9586,2523.5499134,2222.4327338,1195.3440222
2019:12:10 16:01:20,N11S8,VREV,Standard,4G,nan,nan,nan,nan,nan,nan,nan,nan,nan,nan,nan
2019:12:10 16:24:19,N11E9,CRET,Experimental,3G,47.10624444,6.812616667,334027.97658,5219392.806,47.115556,6.833056,335607.4843,5220384.3739,1864.9941109,1579.5077249,991.56786939
2019:12:10 16:25:09,N11S9,CRET,Standard,4G,nan,nan,nan,nan,nan,nan,nan,nan,nan,nan,nan
2019:12:10 17:00:29,N11E10,GACH,Experimental,3G,47.09890278,6.825008333,334945.48683,5218550.7191,47.098056,6.823056,334794.7142,5218460.7432,175.58300952,150.77263439,89.975919547
2019:12:10 17:01:47,N11S10,GACH,Standard,4G,47.09890278,6.825008333,334945.48683,5218550.7191,47.098889,6.825278,334965.90786,5218548.6185,20.529157769,20.421026876,2.1005995022
2019:12:17 11:18:42,N12E1,GALO,Experimental,4G,47.05758611,6.746161111,328829.86764,5214128.8638,47.056111,6.744722,328715.85113,5213968.0918,197.0978262,114.01650783,160.77201515
2019:12:17 11:22:03,N12S1,GALO,Standard,4G,47.05758611,6.746161111,328829.86764,5214128.8638,47.056944,6.746389,328845.11869,5214057.0106,73.454288275,15.251051741,71.853171623
2019:12:17 11:42:28,N12E2,BCEC,Experimental,4G,47.0621,6.745227778,328773.44564,5214632.5132,47.053056,6.750833,329170.19305,5213615.2431,1091.9058938,396.74741264,1017.2701245
2019:12:17 11:42:39,N12S2,BCEC,Standard,4G,47.0621,6.745227778,328773.44564,5214632.5132,47.060278,6.745278,328771.42333,5214429.9332,202.59137712,2.0223110245,202.58007165
2019:12:17 12:05:57,N12S3,SAAB,Standard,4G,nan,nan,nan,nan,nan,nan,nan,nan,nan,nan,nan
2019:12:17 12:06:08,N12E3,SAAB,Experimental,4G,47.07007778,6.751058333,329241.68958,5215506.3007,47.058611,6.745,328744.97213,5214245.296,1355.3157912,496.71745363,1261.0047147
2019:12:17 12:29:30,N12E4,CCHP,Experimental,4G,47.07184722,6.749775,329149.90911,5215705.733,47.058611,6.745,328744.97213,5214245.296,1515.5452958,404.93698083,1460.4369934
2019:12:17 12:29:40,N12S4,CCHP,Standard,4G,nan,nan,nan,nan,nan,nan,nan,nan,nan,nan,nan
2019:12:17 13:00:05,N12E5,FERM,Experimental,4G,47.08025,6.75442,329529.38355,5216629.3601,47.076667,6.781111,331544.22983,5216173.3602,2065.8040773,2014.8462769,455.99988058
2019:12:17 13:00:16,N12S5,FERM,Standard,4G,47.08025,6.75442,329529.38355,5216629.3601,47.076667,6.781111,331544.22983,5216173.3602,2065.8040773,2014.8462769,455.99988058
2019:12:17 13:45:10,N12S6,CHOU,Standard,4G,nan,nan,nan,nan,nan,nan,nan,nan,nan,nan,nan
2019:12:17 13:45:21,N12E6,CHOU,Experimental,4G,nan,nan,nan,nan,nan,nan,nan,nan,nan,nan,nan
2019:12:17 14:56:40,N12E7,MAIL,Experimental,4G,47.10309167,6.786602778,332044.27181,5219098.0116,47.1,6.93,342916.00568,5218456.348,10890.961793,10871.733867,641.66352879
2019:12:17 14:56:55,N12S7,MAIL,Standard,4G,nan,nan,nan,nan,nan,nan,nan,nan,nan,nan,nan
2019:12:17 15:27:16,N12E8,VREV,Experimental,4G,47.10425,6.803947222,333363.96217,5219189.6146,47.161667,6.930278,343118.61239,5225308.6808,11515.449102,9754.6502179,6119.0662094
2019:12:17 15:30:41,N12S8,VREV,Standard,4G,47.10425,6.803947222,333363.96217,5219189.6146,47.161667,6.930278,343118.61239,5225308.6808,11515.449102,9754.6502179,6119.0662094
2019:12:17 15:48:01,N12E9,CRET,Experimental,4G,47.10624444,6.812616667,334027.97658,5219392.806,47.106944,6.826389,335075.10473,5219441.3966,1048.2724476,1047.1281556,48.5906393
2019:12:17 15:50:23,N12S9,CRET,Standard,4G,47.10624444,6.812616667,334027.97658,5219392.806,47.106111,6.8125,334018.70958,5219378.225,17.277061833,9.2669972912,14.580986136
2019:12:17 16:19:36,N12E10,GACH,Experimental,4G,47.09890278,6.825008333,334945.48683,5218550.7191,47.098611,6.825556,334986.14459,5218517.1386,52.733599708,40.657752067,33.580500612
2019:12:17 16:20:43,N12S10,GACH,Standard,4G,47.09890278,6.825008333,334945.48683,5218550.7191,47.098889,6.825556,334987.00384,5218548.0317,41.604654069,41.517004734,2.6873963429
2019:12:21 10:41:53,N13E1,GALO,Experimental,2G,nan,nan,nan,nan,nan,nan,nan,nan,nan,nan,nan
2019:12:21 10:45:04,N13S1,GALO,Standard,4G,47.05758611,6.746161111,328829.86764,5214128.8638,47.057778,6.746111,328826.67643,5214150.2972,21.66984484,3.1912165546,21.433451726
2019:12:21 11:09:51,N13E2,BCEC,Experimental,2G,47.0621,6.745227778,328773.44564,5214632.5132,47.056667,6.7475,328928.60636,5214023.7989,628.18164774,155.16072195,608.714332
2019:12:21 11:11:35,N13S2,BCEC,Standard,4G,nan,nan,nan,nan,nan,nan,nan,nan,nan,nan,nan
2019:12:21 11:38:23,N13E3,SAAB,Experimental,2G,47.07007778,6.751058333,329241.68958,5215506.3007,47.056667,6.7475,328928.60636,5214023.7989,1515.2109923,313.08321827,1482.5018296
2019:12:21 11:38:40,N13S3,SAAB,Standard,4G,47.07007778,6.751058333,329241.68958,5215506.3007,47.074167,6.7575,329743.80594,5215946.674,667.87062162,502.11635653,440.37330532
2019:12:21 12:01:19,N13E4a,CCHP,Experimental,2G,nan,nan,nan,nan,nan,nan,nan,nan,nan,nan,nan
2019:12:21 12:03:00,N13E4b,CCHP,Experimental,2G,47.07184722,6.749775,329149.90911,5215705.733,47.056667,6.7475,328928.60636,5214023.7989,1696.4425585,221.30274546,1681.9341083
2019:12:21 12:03:40,N13S4,CCHP,Standard,4G,47.07184722,6.749775,329149.90911,5215705.733,47.058611,6.745,328744.97213,5214245.296,1515.5452958,404.93698083,1460.4369934
2019:12:21 12:30:23,N13E5a,FERM,Experimental,2G,47.08025,6.75442,329529.38355,5216629.3601,47.0375,6.702222,325427.43923,5211993.8768,6189.7716977,4101.9443163,4635.4832811
2019:12:21 12:31:42,N13E5b,FERM,Experimental,2G,nan,nan,nan,nan,nan,nan,nan,nan,nan,nan,nan
2019:12:21 12:33:49,N13E5c,FERM,Experimental,2G,47.08025,6.75442,329529.38355,5216629.3601,47.106111,7.040833,351343.452,5218918.7304,21934.748038,21814.068454,2289.3703298
2019:12:21 12:34:24,N13S5,FERM,Standard,4G,47.08025,6.75442,329529.38355,5216629.3601,47.080278,6.754444,329531.29476,5216632.4193,3.607159062,1.9112147704,3.0591999618
2019:12:21 13:09:23,N13E6,CHOU,Experimental,2G,nan,nan,nan,nan,nan,nan,nan,nan,nan,nan,nan
2019:12:21 13:10:02,N13S6,CHOU,Standard,4G,nan,nan,nan,nan,nan,nan,nan,nan,nan,nan,nan
2019:12:21 14:15:54,N13E7a,MAIL,Experimental,2G,nan,nan,nan,nan,nan,nan,nan,nan,nan,nan,nan
2019:12:21 14:16:38,N13S7a,MAIL,Standard,4G,47.10309167,6.786602778,332044.27181,5219098.0116,47.103333,6.786944,332070.92252,5219124.0966,37.292430093,26.65070277,26.085024322
2019:12:21 14:20:27,N13E7b,MAIL,Experimental,2G,nan,nan,nan,nan,nan,nan,nan,nan,nan,nan,nan
2019:12:21 14:24:45,N13S7b,MAIL,Standard,4G,nan,nan,nan,nan,nan,nan,nan,nan,nan,nan,nan
2019:12:21 14:50:15,N13E8,VREV,Experimental,2G,47.10425,6.803947222,333363.96217,5219189.6146,47.160833,6.933333,343347.7163,5225209.8684,11658.83778,9983.7541263,6020.2538274
2019:12:21 14:51:11,N13S8,VREV,Standard,4G,47.10425,6.803947222,333363.96217,5219189.6146,47.104444,6.803889,333360.15012,5219211.2972,22.015692418,3.812058945,21.682601027
2019:12:21 15:16:04,N13E9,CRET,Experimental,2G,47.10624444,6.812616667,334027.97658,5219392.806,47.098611,6.830556,335365.57067,5218506.5975,1604.565715,1337.5940972,886.20846224
2019:12:21 15:16:50,N13S9,CRET,Standard,4G,47.10624444,6.812616667,334027.97658,5219392.806,47.106944,6.826389,335075.10473,5219441.3966,1048.2724476,1047.1281556,48.5906393
2019:12:21 15:52:45,N13E10,GACH,Experimental,2G,nan,nan,nan,nan,nan,nan,nan,nan,nan,nan,nan
2019:12:21 15:53:44,N13S10,GACH,Standard,4G,47.09890278,6.825008333,334945.48683,5218550.7191,47.098889,6.824722,334923.71591,5218549.7923,21.791043111,21.770927995,0.92678057961
2019:12:28 10:22:12,N14E1,HGGA,Experimental,2G,nan,nan,nan,nan,nan,nan,nan,nan,nan,nan,nan
2019:12:28 10:22:27,N14S1,HGGA,Standard,4G,47.04779167,6.874791667,338568.95736,5212767.043,47.049167,6.875,338588.93261,5212919.4477,153.71524005,19.975244782,152.40470261
2019:12:28 10:53:06,N14E2,SGAF,Experimental,2G,47.05589444,6.879594444,338958.16773,5213657.5722,47.046944,6.875556,338624.45674,5212671.2685,1041.2767645,333.71098594,986.30371405
2019:12:28 10:53:42,N14S2,SGAF,Standard,4G,nan,nan,nan,nan,nan,nan,nan,nan,nan,nan,nan
2019:12:28 11:16:22,N14E3,FAFO,Experimental,2G,47.05625,6.883172222,339230.9553,5213689.726,47.046389,6.886389,339445.65329,5212587.3094,1123.1828473,214.69799168,1102.4165309
2019:12:28 11:16:49,N14S3,FAFO,Standard,4G,nan,nan,nan,nan,nan,nan,nan,nan,nan,nan,nan
2019:12:28 11:46:55,N14E4,JGAZ,Experimental,2G,47.05073611,6.886836111,339492.6622,5213069.468,47.046944,6.875556,338624.45674,5212671.2685,955.20239187,868.2054614,398.1994715
2019:12:28 11:47:27,N14S4,JGAZ,Standard,4G,nan,nan,nan,nan,nan,nan,nan,nan,nan,nan,nan
2019:12:28 12:26:16,N14E5,ARVR,Experimental,2G,47.03736944,6.874911111,338546.57738,5211608.6202,47.046389,6.886389,339445.65329,5212587.3094,1329.029194,899.07590827,978.68925055
2019:12:28 12:26:48,N14S5,ARVR,Standard,4G,47.03736944,6.874911111,338546.57738,5211608.6202,47.037778,6.875278,338575.6835,5211653.2648,53.296787012,29.106117522,44.644603394
2019:12:28 13:17:00,N14E6,BOUD,Experimental,2G,47.02778333,6.887863889,339501.88393,5210516.7188,47.030278,6.8825,339101.80276,5210804.9525,493.1156055,400.08116726,288.23369736
2019:12:28 13:17:41,N14S6,BOUD,Standard,4G,nan,nan,nan,nan,nan,nan,nan,nan,nan,nan,nan
2019:12:28 13:53:02,N14E7,FRBD,Experimental,2G,47.01961111,6.904538889,340744.64229,5209574.5209,47.018889,6.905,340777.53819,5209493.3382,87.59892855,32.895907957,81.182661953
2019:12:28 13:53:40,N14S7,FRBD,Standard,4G,47.01961111,6.904538889,340744.64229,5209574.5209,47.021667,6.894444,339983.59819,5209823.568,800.79029529,761.04409279,249.04712424
2019:12:28 14:17:20,N14E8,FFBO,Experimental,2G,47.01455556,6.908419444,341024.54613,5209004.8343,47.018889,6.905,340777.53819,5209493.3382,547.43064845,247.00793498,488.50391338
2019:12:28 14:18:17,N14S8,FFBO,Standard,4G,47.01455556,6.908419444,341024.54613,5209004.8343,47.015556,6.906667,340894.32432,5209119.5684,173.56414212,130.22181274,114.73412668
2019:12:28 14:41:45,N14E9,CRFO,Experimental,2G,nan,nan,nan,nan,nan,nan,nan,nan,nan,nan,nan
2019:12:28 14:42:37,N14S9,CRFO,Standard,4G,nan,nan,nan,nan,nan,nan,nan,nan,nan,nan,nan
2019:12:28 15:03:46,N14E10,CRCH,Experimental,2G,47.007325,6.903783333,340650.66576,5208210.7613,47.012778,6.9025,340569.3467,5208819.3394,614.02005859,81.319054896,608.57808699
2019:12:28 15:04:27,N14S10,CRCH,Standard,4G,nan,nan,nan,nan,nan,nan,nan,nan,nan,nan,nan
2019:12:28 15:51:35,N14E11,SPON,Experimental,2G,nan,nan,nan,nan,nan,nan,nan,nan,nan,nan,nan
2019:12:28 15:52:09,N14S11,SPON,Standard,4G,nan,nan,nan,nan,nan,nan,nan,nan,nan,nan,nan
2019:12:28 16:13:58,N14E12,GORG,Experimental,2G,46.98966944,6.911566667,341189.99387,5206232.9763,46.992222,6.910833,341141.77207,5206518.1171,289.2057435,48.221800307,285.14081409
2019:12:28 16:15:00,N14S12,GORG,Standard,4G,46.98966944,6.911566667,341189.99387,5206232.9763,46.991944,6.912778,341288.84018,5206483.2811,269.13020171,98.846313099,250.30481286
2019:12:31 09:55:23,N15E1,HGGA,Experimental,3G,47.04779167,6.874791667,338568.95736,5212767.043,47.05,6.880833,339034.48938,5212999.9992,520.58481054,465.5320196,232.95625848
2019:12:31 09:56:17,N15S1,HGGA,Standard,4G,47.04779167,6.874791667,338568.95736,5212767.043,47.049167,6.875278,338610.04829,5212918.8743,157.30048723,41.090928392,151.83126289
2019:12:31 10:22:27,N15E2,SGAF,Experimental,3G,47.05589444,6.879594444,338958.16773,5213657.5722,47.050556,6.890278,339753.54608,5213042.3983,1005.5583485,795.37835327,615.17391064
2019:12:31 10:23:12,N15S2,SGAF,Standard,4G,47.05589444,6.879594444,338958.16773,5213657.5722,47.045833,6.880278,338979.78995,5212538.0803,1119.7539672,21.622219219,1119.4918738
2019:12:31 10:42:54,N15E3,FAFO,Experimental,3G,nan,nan,nan,nan,nan,nan,nan,nan,nan,nan,nan
2019:12:31 10:44:34,N15S3,FAFO,Standard,4G,47.05625,6.883172222,339230.9553,5213689.726,47.055833,6.884444,339326.28825,5213640.7739,107.17065994,95.332949323,48.952065011
2019:12:31 11:11:35,N15E4,JGAZ,Experimental,3G,47.05073611,6.886836111,339492.6622,5213069.468,47.050556,6.890278,339753.54608,5213042.3983,262.29422198,260.88387781,27.069668088
2019:12:31 11:13:23,N15S4,JGAZ,Standard,4G,47.05073611,6.886836111,339492.6622,5213069.468,47.046667,6.883333,339214.3562,5212624.4773,524.87729514,278.30600542,444.99071948
2019:12:31 11:50:12,N15E5,ARVR,Experimental,3G,47.03736944,6.874911111,338546.57738,5211608.6202,47.050556,6.890278,339753.54608,5213042.3983,1874.2456269,1206.9687004,1433.7781341
2019:12:31 11:51:09,N15S5,ARVR,Standard,4G,47.03736944,6.874911111,338546.57738,5211608.6202,47.0375,6.874722,338532.60416,5211623.5189,20.426818885,13.973216885,14.898700923
2019:12:31 12:34:27,N15S6,BOUD,Standard,4G,47.02778333,6.887863889,339501.88393,5210516.7188,47.027778,6.887778,339495.34157,5210516.3026,6.5558201905,6.5423564735,0.41618133616
2019:12:31 12:38:32,N15E6,BOUD,Experimental,3G,47.02778333,6.887863889,339501.88393,5210516.7188,47.025278,6.884167,339213.44591,5210245.9002,395.66721683,288.43802099,270.81867137
2019:12:31 13:08:27,N15E7,FRBD,Experimental,3G,47.01961111,6.904538889,340744.64229,5209574.5209,47.016667,6.905278,340792.05881,5209245.8524,332.08928678,47.416520485,328.66849442
2019:12:31 13:09:14,N15S7,FRBD,Standard,4G,nan,nan,nan,nan,nan,nan,nan,nan,nan,nan,nan
2019:12:31 13:31:58,N15E8,FFBO,Experimental,3G,47.01455556,6.908419444,341024.54613,5209004.8343,47.016667,6.905278,340792.05881,5209245.8524,334.88946646,232.48732246,241.01808092
2019:12:31 13:32:34,N15S8,FFBO,Standard,4G,nan,nan,nan,nan,nan,nan,nan,nan,nan,nan,nan
2019:12:31 14:03:38,N15E9,CRFO,Experimental,3G,47.01142222,6.906258333,340850.9791,5208661.0317,47.0125,6.903056,340610.77944,5208787.3145,271.38478404,240.199663,126.28284623
2019:12:31 14:04:13,N15S9,CRFO,Standard,4G,nan,nan,nan,nan,nan,nan,nan,nan,nan,nan,nan
2019:12:31 14:24:29,N15E10,CRCH,Experimental,3G,47.007325,6.903783333,340650.66576,5208210.7613,47.0125,6.903056,340610.77944,5208787.3145,577.9625167,39.886319097,576.55322619
2019:12:31 14:25:17,N15S10,CRCH,Standard,4G,47.007325,6.903783333,340650.66576,5208210.7613,47.014722,6.902222,340554.00511,5209035.933,830.85852148,96.660647178,825.17167788
2019:12:31 15:02:48,N15E11,SPON,Experimental,3G,46.99013056,6.908894444,340988.16524,5206289.64,46.991389,6.911111,341160.44133,5206424.9863,219.09422115,172.27608408,135.34627193
2019:12:31 15:03:19,N15S11,SPON,Standard,4G,nan,nan,nan,nan,nan,nan,nan,nan,nan,nan,nan
2019:12:31 15:21:23,N15E12,GORG,Experimental,3G,46.98966944,6.911566667,341189.99387,5206232.9763,46.991389,6.911111,341160.44133,5206424.9863,194.281721,29.552539842,192.00992951
2019:12:31 15:22:03,N15S12a,GORG,Standard,4G,nan,nan,nan,nan,nan,nan,nan,nan,nan,nan,nan
2019:12:31 15:28:24,N15S12b,GORG,Standard,4G,46.98966944,6.911566667,341189.99387,5206232.9763,46.989722,6.911667,341197.77896,5206238.6136,9.6122622007,7.7850932452,5.6372894011
2020:01:01 09:54:47,N16E1,HGGA,Experimental,4G,47.04779167,6.874791667,338568.95736,5212767.043,47.046944,6.883056,339194.14827,5212655.8283,635.02760172,625.19090971,111.21470738
2020:01:01 09:55:55,N16S1,HGGA,Standard,4G,47.04779167,6.874791667,338568.95736,5212767.043,47.048611,6.875278,338608.37048,5212857.0884,98.297606149,39.41312331,90.045377291
2020:01:01 10:25:57,N16E2a,SGAF,Experimental,4G,47.05589444,6.879594444,338958.16773,5213657.5722,47.043056,6.894444,340047.54236,5212200.4315,1819.4206718,1089.3746311,1457.140685
2020:01:01 10:26:39,N16E2b,SGAF,Experimental,4G,nan,nan,nan,nan,nan,nan,nan,nan,nan,nan,nan
2020:01:01 10:27:14,N16S2,SGAF,Standard,4G,47.05589444,6.879594444,338958.16773,5213657.5722,47.045833,6.880278,338979.78995,5212538.0803,1119.7539672,21.622219219,1119.4918738
2020:01:01 10:44:38,N16E3a,FAFO,Experimental,4G,47.05625,6.883172222,339230.9553,5213689.726,47.053333,6.882778,339192.24365,5213366.3821,325.66876709,38.711641529,323.34389139
2020:01:01 10:44:52,N16E3b,FAFO,Experimental,4G,47.05625,6.883172222,339230.9553,5213689.726,47.052778,6.880833,339042.85078,5213308.7066,424.94192731,188.10451751,381.01932945
2020:01:01 10:45:21,N16S3,FAFO,Standard,4G,nan,nan,nan,nan,nan,nan,nan,nan,nan,nan,nan
2020:01:01 11:16:55,N16E4,JGAZ,Experimental,4G,47.05073611,6.886836111,339492.6622,5213069.468,47.040556,6.897222,340251.10637,5211916.9428,1379.7572944,758.44416599,1152.5251582
2020:01:01 11:17:52,N16S4,JGAZ,Standard,4G,47.05073611,6.886836111,339492.6622,5213069.468,47.050556,6.886944,339500.31621,5213049.2318,21.636348669,7.6540126897,20.236178259
2020:01:01 11:57:07,N16E5,ARVR,Experimental,4G,47.03736944,6.874911111,338546.57738,5211608.6202,47.023889,6.862222,337541.63767,5210136.858,1782.2015258,1004.9397044,1471.7621571
2020:01:01 11:57:37,N16S5a,ARVR,Standard,4G,47.03736944,6.874911111,338546.57738,5211608.6202,47.037778,6.875278,338575.6835,5211653.2648,53.296787012,29.106117522,44.644603394
2020:01:01 11:58:20,N16S5b,ARVR,Standard,4G,47.03736944,6.874911111,338546.57738,5211608.6202,47.0375,6.875,338553.72446,5211622.9453,16.009795249,7.1470763091,14.325169656
2020:01:01 12:38:07,N16E6,BOUD,Experimental,4G,47.02778333,6.887863889,339501.88393,5210516.7188,47.026111,6.885,339279.24653,5210336.7569,286.28751753,222.63739188,179.96196788
2020:01:01 12:38:39,N16S6,BOUD,Standard,4G,47.02778333,6.887863889,339501.88393,5210516.7188,47.027778,6.887778,339495.34157,5210516.3026,6.5558201905,6.5423564735,0.41618133616
2020:01:01 13:16:03,N16E7,FRBD,Experimental,4G,47.01961111,6.904538889,340744.64229,5209574.5209,47.017222,6.901667,340519.26877,5209314.8766,343.83121767,225.37351497,259.64425002
2020:01:01 13:16:33,N16S7,FRBD,Standard,4G,47.01961111,6.904538889,340744.64229,5209574.5209,47.017222,6.901667,340519.26877,5209314.8766,343.83121767,225.37351497,259.64425002
2020:01:01 13:34:42,N16E8,FFBO,Experimental,4G,47.01455556,6.908419444,341024.54613,5209004.8343,47.017778,6.903611,340668.66964,5209372.704,511.86078483,355.87649191,367.86967108
2020:01:01 13:35:11,N16S8,FFBO,Standard,4G,47.01455556,6.908419444,341024.54613,5209004.8343,47.017778,6.903611,340668.66964,5209372.704,511.86078483,355.87649191,367.86967108
2020:01:01 13:56:41,N16E9a,CRFO,Experimental,4G,47.01142222,6.906258333,340850.9791,5208661.0317,47.010833,6.903889,340669.13444,5208600.3733,191.7030881,181.84465955,60.65835024
2020:01:01 13:57:12,N16E9b,CRFO,Experimental,4G,47.01142222,6.906258333,340850.9791,5208661.0317,47.026111,6.885,339279.24653,5210336.7569,2297.5807738,1571.732565,1675.7251684
2020:01:01 13:57:42,N16S9,CRFO,Standard,4G,nan,nan,nan,nan,nan,nan,nan,nan,nan,nan,nan
2020:01:01 14:14:22,N16E10,CRCH,Experimental,4G,47.007325,6.903783333,340650.66576,5208210.7613,47.010833,6.903889,340669.13444,5208600.3733,390.07070292,18.468684346,389.61202972
2020:01:01 14:14:52,N16S10,CRCH,Standard,4G,nan,nan,nan,nan,nan,nan,nan,nan,nan,nan,nan
2020:01:01 14:50:17,N16E11,SPON,Experimental,4G,46.99013056,6.908894444,340988.16524,5206289.64,46.991389,6.911389,341181.57987,5206424.4225,235.75581918,193.41462192,134.78250621
2020:01:01 14:50:49,N16S11,SPON,Standard,4G,46.99013056,6.908894444,340988.16524,5206289.64,46.989722,6.909167,341007.67828,5206243.6855,49.92834728,19.51304152,45.954488847
2020:01:01 15:22:12,N16E12,GORG,Experimental,4G,46.98966944,6.911566667,341189.99387,5206232.9763,46.991389,6.911389,341181.57987,5206424.4225,191.64176437,8.4140020078,191.44616379
2020:01:01 15:22:51,N16S12,GORG,Standard,4G,46.98966944,6.911566667,341189.99387,5206232.9763,46.991944,6.912778,341288.84018,5206483.2811,269.13020171,98.846313099,250.30481286
2020:01:11 11:26:52,N17E1,HGGA,Experimental,2G,nan,nan,nan,nan,nan,nan,nan,nan,nan,nan,nan
2020:01:11 11:28:00,N17S1,HGGA,Standard,4G,47.04779167,6.874791667,338568.95736,5212767.043,47.048889,6.875278,338609.20938,5212887.9813,127.46672195,40.252023939,120.93831944
2020:01:11 11:53:56,N17E2,SGAF,Experimental,2G,47.05589444,6.879594444,338958.16773,5213657.5722,47.049444,6.879167,338906.27438,5212941.642,717.84254888,51.893346255,715.93023199
2020:01:11 11:54:41,N17S2,SGAF,Standard,4G,47.05589444,6.879594444,338958.16773,5213657.5722,47.055556,6.879444,338945.72269,5213620.2725,39.322940946,12.445040939,37.299745635
2020:01:11 12:19:37,N17E3,FAFO,Experimental,2G,47.05625,6.883172222,339230.9553,5213689.726,47.053333,6.895556,340162.7305,5213340.1989,995.21391994,931.77520032,349.52707138
2020:01:11 12:20:17,N17S3,FAFO,Standard,4G,47.05625,6.883172222,339230.9553,5213689.726,47.053333,6.882778,339192.24365,5213366.3821,325.66876709,38.711641529,323.34389139
2020:01:11 12:48:03,N17E4,JGAZ,Experimental,2G,47.05073611,6.886836111,339492.6622,5213069.468,47.046389,6.886389,339445.65329,5212587.3094,484.4687437,47.008914361,482.15855165
2020:01:11 12:48:29,N17S4,JGAZ,Standard,4G,nan,nan,nan,nan,nan,nan,nan,nan,nan,nan,nan
2020:01:11 13:34:45,N17E5,ARVR,Experimental,2G,47.03736944,6.874911111,338546.57738,5211608.6202,47.030278,6.882778,339122.92591,5210804.3811,989.47506056,576.34853385,804.23908764
2020:01:11 13:35:17,N17S5,ARVR,Standard,4G,nan,nan,nan,nan,nan,nan,nan,nan,nan,nan,nan
2020:01:11 14:15:30,N17E6,BOUD,Experimental,2G,47.02778333,6.887863889,339501.88393,5210516.7188,47.030278,6.882778,339122.92591,5210804.3811,475.79088548,378.95801352,287.66225683
2020:01:11 14:15:57,N17S6,BOUD,Standard,4G,nan,nan,nan,nan,nan,nan,nan,nan,nan,nan,nan
2020:01:11 14:52:22,N17S7,FRBD,Standard,4G,nan,nan,nan,nan,nan,nan,nan,nan,nan,nan,nan
2020:01:11 14:54:38,N17E7,FRBD,Experimental,2G,nan,nan,nan,nan,nan,nan,nan,nan,nan,nan,nan
2020:01:11 15:15:07,N17E8,FFBO,Experimental,2G,47.01455556,6.908419444,341024.54613,5209004.8343,47.018889,6.905,340777.53819,5209493.3382,547.43064845,247.00793498,488.50391338
2020:01:11 15:15:42,N17S8,FFBO,Standard,4G,47.01455556,6.908419444,341024.54613,5209004.8343,47.017222,6.904167,340709.27174,5209309.7869,438.64842757,315.27439154,304.95256453
2020:01:11 15:35:52,N17E9,CRFO,Experimental,2G,nan,nan,nan,nan,nan,nan,nan,nan,nan,nan,nan
2020:01:11 15:36:25,N17S9,CRFO,Standard,4G,nan,nan,nan,nan,nan,nan,nan,nan,nan,nan,nan
2020:01:11 15:55:53,N17E10,CRCH,Experimental,2G,47.007325,6.903783333,340650.66576,5208210.7613,47.012778,6.9025,340569.3467,5208819.3394,614.02005859,81.319054896,608.57808699
2020:01:11 15:56:26,N17S10,CRCH,Standard,4G,nan,nan,nan,nan,nan,nan,nan,nan,nan,nan,nan
2020:01:11 16:33:01,N17E11,SPON,Experimental,2G,nan,nan,nan,nan,nan,nan,nan,nan,nan,nan,nan
2020:01:11 16:33:30,N17S11,SPON,Standard,4G,nan,nan,nan,nan,nan,nan,nan,nan,nan,nan,nan
2020:01:11 16:51:59,N17E12,GORG,Experimental,2G,46.98966944,6.911566667,341189.99387,5206232.9763,46.991667,6.911389,341182.40372,5206455.3152,222.4809379,7.5901447793,222.33888612
2020:01:11 16:52:26,N17S12,GORG,Standard,4G,nan,nan,nan,nan,nan,nan,nan,nan,nan,nan,nan
2020:01:12 10:22:27,N18E1,HGGA,Experimental,3G,nan,nan,nan,nan,nan,nan,nan,nan,nan,nan,nan
2020:01:12 10:23:31,N18S1,HGGA,Standard,4G,47.04779167,6.874791667,338568.95736,5212767.043,47.048611,6.875278,338608.37048,5212857.0884,98.297606149,39.41312331,90.045377291
2020:01:12 10:52:02,N18E2,SGAF,Experimental,3G,47.05589444,6.879594444,338958.16773,5213657.5722,47.05,6.880833,339034.48938,5212999.9992,662.01873695,76.321653969,657.5729653
2020:01:12 10:52:34,N18S2,SGAF,Standard,4G,47.05589444,6.879594444,338958.16773,5213657.5722,47.045556,6.879167,338894.56357,5212509.5853,1149.8021169,63.604152079,1147.9869139
2020:01:12 11:14:10,N18E3,FAFO,Experimental,3G,47.05625,6.883172222,339230.9553,5213689.726,47.053611,6.881111,339066.472,5213400.7026,332.56476363,164.48329472,289.02340053
2020:01:12 11:14:44,N18S3,FAFO,Standard,4G,47.05625,6.883172222,339230.9553,5213689.726,47.055833,6.884167,339305.25113,5213641.3428,88.664637287,74.295837352,48.383164288
2020:01:12 11:48:59,N18S4,JGAZ,Standard,4G,nan,nan,nan,nan,nan,nan,nan,nan,nan,nan,nan
2020:01:12 11:50:58,N18E4,JGAZ,Experimental,3G,47.05073611,6.886836111,339492.6622,5213069.468,47.050556,6.890278,339753.54608,5213042.3983,262.29422198,260.88387781,27.069668088
2020:01:12 12:36:57,N18E5,ARVR,Experimental,3G,47.03736944,6.874911111,338546.57738,5211608.6202,47.050556,6.890278,339753.54608,5213042.3983,1874.2456269,1206.9687004,1433.7781341
2020:01:12 12:37:28,N18S5,ARVR,Standard,4G,47.03736944,6.874911111,338546.57738,5211608.6202,47.031389,6.875833,338598.57779,5210942.1396,668.53677228,52.000406168,666.48054915
2020:01:12 13:35:59,N18E6,BOUD,Experimental,3G,47.02778333,6.887863889,339501.88393,5210516.7188,47.025278,6.884167,339213.44591,5210245.9002,395.66721683,288.43802099,270.81867137
2020:01:12 13:36:58,N18S6,BOUD,Standard,4G,nan,nan,nan,nan,nan,nan,nan,nan,nan,nan,nan
2020:01:12 14:13:52,N18S7,FRBD,Standard,4G,nan,nan,nan,nan,nan,nan,nan,nan,nan,nan,nan
2020:01:12 14:18:13,N18E7,FRBD,Experimental,3G,47.01961111,6.904538889,340744.64229,5209574.5209,47.020556,6.899722,340381.38654,5209689.3324,380.98362692,363.2557461,114.81156082
2020:01:12 14:37:36,N18E8,FFBO,Experimental,3G,47.01455556,6.908419444,341024.54613,5209004.8343,47.016667,6.905278,340792.05881,5209245.8524,334.88946646,232.48732246,241.01808092
2020:01:12 14:38:09,N18S8,FFBO,Standard,4G,47.01455556,6.908419444,341024.54613,5209004.8343,47.015556,6.907222,340936.5063,5209118.4407,143.73411053,88.039833125,113.60636702
2020:01:12 14:58:45,N18E9,CRFO,Experimental,3G,47.01142222,6.906258333,340850.9791,5208661.0317,47.0125,6.903056,340610.77944,5208787.3145,271.38478404,240.199663,126.28284623
2020:01:12 14:59:47,N18S9,CRFO,Standard,4G,47.01142222,6.906258333,340850.9791,5208661.0317,47.011389,6.906111,340839.68167,5208657.6396,11.796190324,11.297427505,3.3920872239
2020:01:12 15:18:24,N18E10,CRCH,Experimental,3G,47.007325,6.903783333,340650.66576,5208210.7613,47.0125,6.903056,340610.77944,5208787.3145,577.9625167,39.886319097,576.55322619
2020:01:12 15:18:56,N18S10,CRCH,Standard,4G,47.007325,6.903783333,340650.66576,5208210.7613,47.011944,6.902778,340587.99417,5208726.0949,519.15843699,62.671589487,515.33359735
2020:01:12 15:55:18,N18E11,SPON,Experimental,3G,46.99013056,6.908894444,340988.16524,5206289.64,46.991389,6.911111,341160.44133,5206424.9863,219.09422115,172.27608408,135.34627193
2020:01:12 15:56:16,N18S11,SPON,Standard,4G,nan,nan,nan,nan,nan,nan,nan,nan,nan,nan,nan
2020:01:12 16:15:24,N18E12,GORG,Experimental,3G,46.98966944,6.911566667,341189.99387,5206232.9763,46.991389,6.911111,341160.44133,5206424.9863,194.281721,29.552539842,192.00992951
2020:01:12 16:16:01,N18S12,GORG,Standard,4G,nan,nan,nan,nan,nan,nan,nan,nan,nan,nan,nan
2020:01:18 09:47:47,N19E1,GALO,Experimental,3G,47.05758611,6.746161111,328829.86764,5214128.8638,47.056389,6.746667,328864.45469,5213994.728,138.52392841,34.587052006,134.1357965
2020:01:18 09:48:43,N19S1,GALO,Standard,4G,47.05758611,6.746161111,328829.86764,5214128.8638,47.055833,6.745278,328757.18637,5213935.9818,206.12233273,72.681269222,192.88196451
2020:01:18 10:16:36,N19E2,BCEC,Experimental,3G,47.0621,6.745227778,328773.44564,5214632.5132,47.055,6.748611,329007.64962,5213836.1244,830.11672923,234.20398271,796.38878421
2020:01:18 10:17:05,N19S2,BCEC,Standard,4G,nan,nan,nan,nan,nan,nan,nan,nan,nan,nan,nan
2020:01:18 10:43:36,N19E3,SAAB,Experimental,3G,47.07007778,6.751058333,329241.68958,5215506.3007,47.054722,6.748611,329006.76058,5213805.2317,1717.2276232,234.92900391,1701.0690676
2020:01:18 10:44:19,N19S3,SAAB,Standard,4G,nan,nan,nan,nan,nan,nan,nan,nan,nan,nan,nan
2020:01:18 11:01:37,N19E4,CCHP,Experimental,3G,47.07184722,6.749775,329149.90911,5215705.733,47.054722,6.748611,329006.76058,5213805.2317,1905.8986013,143.1485311,1900.5013463
2020:01:18 11:01:59,N19S4,CCHP,Standard,4G,nan,nan,nan,nan,nan,nan,nan,nan,nan,nan,nan
2020:01:18 11:31:06,N19E5,FERM,Experimental,3G,47.08025,6.75442,329529.38355,5216629.3601,47.0775,6.783889,331757.74833,5216259.948,2258.7790759,2228.3647767,369.41209113
2020:01:18 11:31:38,N19S5,FERM,Standard,4G,47.08025,6.75442,329529.38355,5216629.3601,47.075833,6.779444,331415.04592,5216084.2734,1962.8670892,1885.6623756,545.0866976
2020:01:18 12:13:12,N19E6,CHOU,Experimental,3G,nan,nan,nan,nan,nan,nan,nan,nan,nan,nan,nan
2020:01:18 12:13:41,N19S6,ESCA,Standard,4G,nan,nan,nan,nan,nan,nan,nan,nan,nan,nan,nan
2020:01:18 13:21:15,N19E7,MAIL,Experimental,3G,nan,nan,nan,nan,nan,nan,nan,nan,nan,nan,nan
2020:01:18 13:21:42,N19S7,MAIL,Standard,4G,nan,nan,nan,nan,nan,nan,nan,nan,nan,nan,nan
2020:01:18 13:56:52,N19E8,VREV,Experimental,3G,47.10425,6.803947222,333363.96217,5219189.6146,47.097778,6.833056,335552.718,5218408.7679,2323.9110968,2188.7558211,780.84670455
2020:01:18 13:57:20,N19S8,VREV,Standard,4G,47.10425,6.803947222,333363.96217,5219189.6146,47.161389,6.93,343096.72236,5225278.3457,11480.792272,9732.7601871,6088.7310823
2020:01:18 14:21:37,N19E9,CRET,Experimental,3G,nan,nan,nan,nan,nan,nan,nan,nan,nan,nan,nan
2020:01:18 14:21:59,N19S9,CRET,Standard,4G,nan,nan,nan,nan,nan,nan,nan,nan,nan,nan,nan
2020:01:18 14:59:53,N19E10,GACH,Experimental,3G,47.09890278,6.825008333,334945.48683,5218550.7191,47.098056,6.823611,334836.83092,5218459.5706,141.82778367,108.65590998,91.148528298
2020:01:18 15:00:52,N19S10,GACH,Standard,4G,47.09890278,6.825008333,334945.48683,5218550.7191,47.098889,6.825,334944.81188,5218549.2054,1.6574353556,0.67495070072,1.5137275811
2020:01:19 09:40:04,N20E1,GALO,Experimental,4G,47.05758611,6.746161111,328829.86764,5214128.8638,47.056111,6.746667,328863.56486,5213963.8352,168.43471981,33.697216968,165.02858573
2020:01:19 09:40:41,N20S1,GALO,Standard,4G,nan,nan,nan,nan,nan,nan,nan,nan,nan,nan,nan
2020:01:19 10:08:47,N20E2,BCEC,Experimental,4G,47.0621,6.745227778,328773.44564,5214632.5132,47.052222,6.749444,329062.03284,5213525.5986,1143.921831,288.58719756,1106.9146476
2020:01:19 10:09:22,N20S2,BCEC,Standard,4G,nan,nan,nan,nan,nan,nan,nan,nan,nan,nan,nan
2020:01:19 10:37:57,N20E3,SAAB,Experimental,4G,47.07007778,6.751058333,329241.68958,5215506.3007,47.058611,6.744722,328723.86031,5214245.9046,1362.6315869,517.82927462,1260.3960992
2020:01:19 10:38:22,N20S3,SAAB,Standard,4G,nan,nan,nan,nan,nan,nan,nan,nan,nan,nan,nan
2020:01:19 10:56:25,N20S4,CCHP,Standard,4G,nan,nan,nan,nan,nan,nan,nan,nan,nan,nan,nan
2020:01:19 10:57:31,N20E4,CCHP,Experimental,4G,47.07184722,6.749775,329149.90911,5215705.733,47.058611,6.744722,328723.86031,5214245.9046,1520.7377933,426.04880181,1459.8283779
2020:01:19 11:29:28,N20E5,FERM,Experimental,4G,47.08025,6.75442,329529.38355,5216629.3601,47.0775,6.783889,331757.74833,5216259.948,2258.7790759,2228.3647767,369.41209113
2020:01:19 11:29:53,N20S5,FERM,Standard,4G,nan,nan,nan,nan,nan,nan,nan,nan,nan,nan,nan
2020:01:19 12:16:14,N20E6,CHOU,Experimental,4G,nan,nan,nan,nan,nan,nan,nan,nan,nan,nan,nan
2020:01:19 12:16:48,N20S6,ESCA,Standard,4G,nan,nan,nan,nan,nan,nan,nan,nan,nan,nan,nan
2020:01:19 14:16:48,N20E7,MAIL,Experimental,4G,nan,nan,nan,nan,nan,nan,nan,nan,nan,nan,nan
2020:01:19 14:17:19,N20S7,MAIL,Standard,4G,nan,nan,nan,nan,nan,nan,nan,nan,nan,nan,nan
2020:01:19 14:54:43,N20E8,VREV,Experimental,4G,47.10425,6.803947222,333363.96217,5219189.6146,47.161389,6.93,343096.72236,5225278.3457,11480.792272,9732.7601871,6088.7310823
2020:01:19 14:55:18,N20S8,VREV,Standard,4G,47.10425,6.803947222,333363.96217,5219189.6146,47.161389,6.93,343096.72236,5225278.3457,11480.792272,9732.7601871,6088.7310823
2020:01:19 15:21:45,N20E9,CRET,Experimental,4G,47.10624444,6.812616667,334027.97658,5219392.806,47.105278,6.820278,334606.28026,5219269.1712,591.3814188,578.30368145,123.63480996
2020:01:19 15:22:29,N20S9,CRET,Standard,4G,nan,nan,nan,nan,nan,nan,nan,nan,nan,nan,nan
2020:01:19 16:00:32,N20E10,GACH,Experimental,4G,47.09890278,6.825008333,334945.48683,5218550.7191,47.098889,6.824444,334902.61993,5218550.3794,42.869029876,42.866905008,0.33975849766
2020:01:19 16:01:37,N20S10,GACH,Standard,4G,47.09890278,6.825008333,334945.48683,5218550.7191,47.099167,6.824444,334903.47963,5218581.2725,51.944520979,42.007208634,30.553345417
2020:01:26 09:22:49,N21S1,HGGA,Standard,4G,nan,nan,nan,nan,nan,nan,nan,nan,nan,nan,nan
2020:01:26 09:27:57,N21E1,HGGA,Experimental,4G,47.04779167,6.874791667,338568.95736,5212767.043,47.046111,6.880556,339001.74373,5212568.4013,476.21293561,432.78636786,198.64173236
2020:01:26 09:56:12,N21E2,SGAF,Experimental,4G,47.05589444,6.879594444,338958.16773,5213657.5722,47.046111,6.880556,339001.74373,5212568.4013,1090.0942161,43.576002221,1089.1709561
2020:01:26 09:56:55,N21S2,SGAF,Standard,4G,47.05589444,6.879594444,338958.16773,5213657.5722,47.046111,6.880556,339001.74373,5212568.4013,1090.0942161,43.576002221,1089.1709561
2020:01:26 10:18:17,N21E3,FAFO,Experimental,4G,47.05625,6.883172222,339230.9553,5213689.726,47.056944,6.8975,340321.16073,5213737.505,1091.2929552,1090.205433,47.77908226
2020:01:26 10:18:37,N21S3,FAFO,Standard,4G,nan,nan,nan,nan,nan,nan,nan,nan,nan,nan,nan
2020:01:26 10:52:37,N21E4,JGAZ,Experimental,4G,47.05073611,6.886836111,339492.6622,5213069.468,47.046944,6.882778,339173.0317,5212656.3996,522.31538993,319.6305009,413.06834654
2020:01:26 10:53:08,N21S4,JGAZ,Standard,4G,47.05073611,6.886836111,339492.6622,5213069.468,47.045,6.897222,340264.37679,5212410.7854,1014.6403498,771.71459204,658.68254341
2020:01:26 11:33:33,N21S5,ARVR,Standard,4G,47.03736944,6.874911111,338546.57738,5211608.6202,47.037778,6.875278,338575.6835,5211653.2648,53.296787012,29.106117522,44.644603394
2020:01:26 12:15:53,N21E6,BOUD,Experimental,4G,47.02778333,6.887863889,339501.88393,5210516.7188,47.026667,6.886111,339365.33838,5210396.262,182.09158836,136.54554251,120.45684515
2020:01:26 12:16:13,N21S6,BOUD,Standard,4G,nan,nan,nan,nan,nan,nan,nan,nan,nan,nan,nan
2020:01:26 12:51:47,N21S7,FRBD,Standard,4G,47.01961111,6.904538889,340744.64229,5209574.5209,47.0175,6.901111,340477.84038,5209346.9022,350.7206973,266.80190577,227.61863144
2020:01:26 12:53:00,N21E7,FRBD,Experimental,4G,47.01961111,6.904538889,340744.64229,5209574.5209,47.019444,6.901667,340525.88729,5209561.7971,219.1337107,218.75499482,12.723815198
2020:01:26 13:18:25,N21E8,FFBO,Experimental,4G,47.01455556,6.908419444,341024.54613,5209004.8343,47.015278,6.905278,340787.92877,5209091.4993,252.00021888,236.61735655,86.665058735
2020:01:26 13:19:11,N21S8,FFBO,Standard,4G,47.01455556,6.908419444,341024.54613,5209004.8343,47.016667,6.904167,340707.62061,5209248.1123,399.5507543,316.92552345,243.2780247
2020:01:26 13:39:54,N21E9,CRFO,Experimental,4G,47.01142222,6.906258333,340850.9791,5208661.0317,47.011389,6.9025,340565.21145,5208664.9865,285.80679523,285.76765043,3.9547955962
2020:01:26 13:40:43,N21S9,CRFO,Standard,4G,nan,nan,nan,nan,nan,nan,nan,nan,nan,nan,nan
2020:01:26 14:00:49,N21E10,CRCH,Experimental,4G,nan,nan,nan,nan,nan,nan,nan,nan,nan,nan,nan
2020:01:26 14:01:16,N21S10,CRCH,Standard,4G,nan,nan,nan,nan,nan,nan,nan,nan,nan,nan,nan
2020:01:26 14:48:56,N21E11,SPON,Experimental,4G,nan,nan,nan,nan,nan,nan,nan,nan,nan,nan,nan
2020:01:26 14:49:31,N21S11,SPON,Standard,4G,46.99013056,6.908894444,340988.16524,5206289.64,46.989444,6.909444,341027.91684,5206212.2305,87.024200084,39.751596664,77.409462751
2020:01:26 15:11:21,N21E12,GORG,Experimental,4G,46.98966944,6.911566667,341189.99387,5206232.9763,46.990278,6.912222,341241.62833,5206299.2739,84.037014504,51.634461472,66.297588393
2020:01:26 15:12:01,N21S12,GORG,Standard,4G,nan,nan,nan,nan,nan,nan,nan,nan,nan,nan,nan
2020:01:28 16:39:30,N22S1,GANE,Standard,4G,46.99615278,6.935441667,343024.45061,5206905.3049,46.996944,6.933889,342908.71915,5206996.3426,147.25493368,115.73145968,91.037743097
2020:01:28 16:42:55,N22E1,GANE,Experimental,2G,46.99615278,6.935441667,343024.45061,5206905.3049,46.994444,6.933333,342859.11503,5206719.6454,248.62107255,165.33557871,185.65951436
2020:01:28 17:03:18,N22E2,EGAD,Experimental,2G,46.99444444,6.935377778,343014.58824,5206715.5935,46.993889,6.937222,343153.18542,5206650.1752,153.26842831,138.5971796,65.418355188
2020:01:28 17:03:45,N22S2,EGAD,Standard,4G,nan,nan,nan,nan,nan,nan,nan,nan,nan,nan,nan
2020:01:28 17:32:17,N22E3,PORT,Experimental,2G,46.98968889,6.936086111,343054.51889,5206185.7133,46.993611,6.936667,343110.1724,5206620.3941,438.25688244,55.653505486,434.68074254
2020:01:28 17:33:20,N22S3,PORT,Standard,4G,nan,nan,nan,nan,nan,nan,nan,nan,nan,nan,nan
2020:01:28 17:55:26,N22E4,MOCH,Experimental,2G,46.99176944,6.928591667,342490.75329,5206431.9591,46.994167,6.9275,342414.79626,5206700.584,279.17407668,75.957022135,268.6248733
2020:01:28 17:56:03,N22S4,MOCH,Standard,4G,nan,nan,nan,nan,nan,nan,nan,nan,nan,nan,nan
2020:01:28 18:09:56,N22E5,ESCH,Experimental,2G,46.99189,6.92735,342396.69468,5206447.8542,46.994167,6.9275,342414.79626,5206700.584,253.39271155,18.101583604,252.72980175
2020:01:28 18:11:11,N22S5,ESCH,Standard,4G,46.99189,6.92735,342396.69468,5206447.8542,46.991944,6.927222,342387.12073,5206454.1125,11.438561595,9.573950935,6.2583299745
2020:01:29 18:36:17,N23E1,GANE,Experimental,3G,46.99615278,6.935441667,343024.45061,5206905.3049,46.995556,6.929167,342545.62645,5206851.5838,481.85219431,478.82415437,53.721108625
2020:01:29 18:36:48,N23S1,GANE,Standard,4G,nan,nan,nan,nan,nan,nan,nan,nan,nan,nan,nan
2020:01:29 18:55:07,N23E2,EGAD,Experimental,3G,46.99444444,6.935377778,343014.58824,5206715.5935,46.993889,6.9375,343174.32299,5206649.6185,172.83234315,159.7347545,65.975064535
2020:01:29 18:55:53,N23S2,EGAD,Standard,4G,nan,nan,nan,nan,nan,nan,nan,nan,nan,nan,nan
2020:01:29 19:19:36,N23E3,PORT,Experimental,3G,46.98968889,6.936086111,343054.51889,5206185.7133,46.993333,6.934167,342919.27043,5206594.5124,430.61789919,135.24846203,408.79908488
2020:01:29 19:20:18,N23S3,PORT,Standard,4G,46.98968889,6.936086111,343054.51889,5206185.7133,46.989722,6.936111,343056.50842,5206189.3428,4.1392505658,1.9895263114,3.6294758394
2020:01:29 19:41:09,N23E4,MOCH,Experimental,3G,46.99176944,6.928591667,342490.75329,5206431.9591,46.991944,6.928333,342471.59803,5206451.8773,27.635892689,19.155258045,19.918211058
2020:01:29 19:41:48,N23S4,MOCH,Standard,4G,nan,nan,nan,nan,nan,nan,nan,nan,nan,nan,nan
2020:01:29 19:55:20,N23E5,ESCH,Experimental,3G,46.99189,6.92735,342396.69468,5206447.8542,46.994722,6.928333,342479.76407,5206760.5826,323.59275641,83.069394544,312.72842613
2020:01:29 19:55:59,N23S5,ESCH,Standard,4G,nan,nan,nan,nan,nan,nan,nan,nan,nan,nan,nan
2020:01:30 17:34:07,N24E1,GANE,Experimental,4G,46.99615278,6.935441667,343024.45061,5206905.3049,46.997778,6.9425,343565.84935,5207071.7841,566.44656402,541.39874814,166.47924624
2020:01:30 17:35:01,N24S1,GANE,Standard,4G,nan,nan,nan,nan,nan,nan,nan,nan,nan,nan,nan
2020:01:30 17:52:50,N24E2,EGAD,Experimental,4G,46.99444444,6.935377778,343014.58824,5206715.5935,46.994444,6.934444,342943.5884,5206717.4168,71.026796294,70.999834817,1.8232640596
2020:01:30 17:53:30,N24S2,EGAD,Standard,4G,46.99444444,6.935377778,343014.58824,5206715.5935,46.994444,6.935278,343007.00046,5206715.7447,7.5896596315,7.5877742773,0.15111240186
2020:01:30 18:14:33,N24E3,PORT,Experimental,4G,46.98968889,6.936086111,343054.51889,5206185.7133,46.991111,6.933333,342849.34129,5206349.2657,262.40190906,205.17760139,163.55235059
2020:01:30 18:15:16,N24S3,PORT,Standard,4G,46.98968889,6.936086111,343054.51889,5206185.7133,46.989722,6.936111,343056.50842,5206189.3428,4.1392505658,1.9895263114,3.6294758394
2020:01:30 18:38:13,N24E4,MOCH,Experimental,4G,46.99176944,6.928591667,342490.75329,5206431.9591,46.994444,6.926389,342331.13751,5206733.6017,341.29011484,159.61577982,301.64258172
2020:01:30 18:38:55,N24S4,MOCH,Standard,4G,46.99176944,6.928591667,342490.75329,5206431.9591,46.991667,6.928611,342491.92224,5206420.5366,11.482885117,1.168953278,11.422523743
2020:01:30 18:54:18,N24E5,ESCH,Experimental,4G,nan,nan,nan,nan,nan,nan,nan,nan,nan,nan,nan
2020:01:30 18:54:47,N24S5,ESCH,Standard,4G,46.99189,6.92735,342396.69468,5206447.8542,46.991944,6.9275,342408.25906,5206453.5531,12.893000244,11.564382634,5.698916886
2020:02:06 18:36:27,N25S1,GANE,Standard,4G,46.99615278,6.935441667,343024.45061,5206905.3049,46.995833,6.935833,343053.26749,5206868.985,46.36591008,28.816884236,36.319898428
2020:02:06 18:38:56,N25E1,GANE,Experimental,2G,nan,nan,nan,nan,nan,nan,nan,nan,nan,nan,nan
2020:02:06 18:56:27,N25S2,EGAD,Standard,4G,46.99444444,6.935377778,343014.58824,5206715.5935,46.994167,6.935556,343027.32639,5206684.4058,33.690896446,12.738154891,31.18776418
2020:02:06 18:58:26,N25E2,EGAD,Experimental,2G,46.99444444,6.935377778,343014.58824,5206715.5935,46.993889,6.937222,343153.18542,5206650.1752,153.26842831,138.5971796,65.418355188
2020:02:06 19:18:00,N25S3,PORT,Standard,4G,46.98968889,6.936086111,343054.51889,5206185.7133,46.989722,6.936111,343056.50842,5206189.3428,4.1392505658,1.9895263114,3.6294758394
2020:02:06 19:19:07,N25E3,PORT,Experimental,2G,46.98968889,6.936086111,343054.51889,5206185.7133,46.993611,6.936944,343131.23404,5206619.8392,440.8800093,76.715154787,434.12588587
2020:02:06 19:44:24,N25S4,MOCH,Standard,4G,46.99176944,6.928591667,342490.75329,5206431.9591,46.991667,6.928611,342491.92224,5206420.5366,11.482885117,1.168953278,11.422523743
2020:02:06 19:46:21,N25E4,MOCH,Experimental,2G,46.99176944,6.928591667,342490.75329,5206431.9591,46.994167,6.9275,342414.79626,5206700.584,279.17407668,75.957022135,268.6248733
2020:02:06 19:58:55,N25S5,ESCH,Standard,4G,nan,nan,nan,nan,nan,nan,nan,nan,nan,nan,nan
2020:02:06 20:00:21,N25E5,ESCH,Experimental,2G,46.99189,6.92735,342396.69468,5206447.8542,46.994167,6.9275,342414.79626,5206700.584,253.39271155,18.101583604,252.72980175
2020:02:07 18:34:06,N26E1,GANE,Experimental,3G,46.99615278,6.935441667,343024.45061,5206905.3049,46.996111,6.933889,342906.27695,5206903.7754,118.18946238,118.17365397,1.529460554
2020:02:07 18:34:44,N26S1,GANE,Standard,4G,46.99615278,6.935441667,343024.45061,5206905.3049,46.996111,6.935556,343033.02109,5206900.4329,9.8589892259,8.5704864701,4.8719698545
2020:02:07 18:51:08,N26E2,EGAD,Experimental,3G,46.99444444,6.935377778,343014.58824,5206715.5935,46.994167,6.938056,343217.41151,5206679.3981,206.03812984,202.82326859,36.195487997
2020:02:07 18:51:31,N26S2,EGAD,Standard,4G,46.99444444,6.935377778,343014.58824,5206715.5935,46.994444,6.935278,343007.00046,5206715.7447,7.5896596315,7.5877742773,0.15111240186
2020:02:07 19:14:03,N26E3,PORT,Experimental,3G,46.98968889,6.936086111,343054.51889,5206185.7133,46.994167,6.938056,343217.41151,5206679.3981,519.89671707,162.89261723,493.68473578
2020:02:07 19:14:34,N26S3,PORT,Standard,4G,nan,nan,nan,nan,nan,nan,nan,nan,nan,nan,nan
2020:02:07 19:37:49,N26E4,MOCH,Experimental,3G,46.99176944,6.928591667,342490.75329,5206431.9591,46.991389,6.927778,342427.76556,5206391.3194,74.964176257,62.987727646,40.639714628
2020:02:07 19:38:18,N26S4,MOCH,Standard,4G,nan,nan,nan,nan,nan,nan,nan,nan,nan,nan,nan
2020:02:07 19:52:02,N26E5,ESCH,Experimental,3G,46.99189,6.92735,342396.69468,5206447.8542,46.994167,6.9275,342414.79626,5206700.584,253.39271155,18.101583604,252.72980175
2020:02:07 19:52:57,N26S5,ESCH,Standard,4G,46.99189,6.92735,342396.69468,5206447.8542,46.991667,6.9275,342407.4445,5206422.7715,27.290809154,10.749822367,25.082703441
2020:02:08 17:02:43,N27E1,GANE,Experimental,4G,46.99615278,6.935441667,343024.45061,5206905.3049,46.996389,6.932778,342822.62168,5206936.8974,204.29678596,201.82892183,31.592483445
2020:02:08 17:03:15,N27S1,GANE,Standard,4G,nan,nan,nan,nan,nan,nan,nan,nan,nan,nan,nan
2020:02:08 17:21:23,N27E2,EGAD,Experimental,4G,46.99444444,6.935377778,343014.58824,5206715.5935,46.993889,6.937222,343153.18542,5206650.1752,153.26842831,138.5971796,65.418355188
2020:02:08 17:21:46,N27S2,EGAD,Standard,4G,46.99444444,6.935377778,343014.58824,5206715.5935,46.994444,6.935278,343007.00046,5206715.7447,7.5896596315,7.5877742773,0.15111240186
2020:02:08 17:43:56,N27E3,PORT,Experimental,4G,46.98968889,6.936086111,343054.51889,5206185.7133,46.993889,6.937222,343153.18542,5206650.1752,474.85629073,98.66652824,464.46186859
2020:02:08 17:44:20,N27S3,PORT,Standard,4G,nan,nan,nan,nan,nan,nan,nan,nan,nan,nan,nan
2020:02:08 18:08:43,N27E4,MOCH,Experimental,4G,46.99176944,6.928591667,342490.75329,5206431.9591,46.994722,6.926944,342374.15392,5206763.3773,351.3518276,116.5993637,331.41815772
2020:02:08 18:09:10,N27S4,MOCH,Standard,4G,nan,nan,nan,nan,nan,nan,nan,nan,nan,nan,nan
2020:02:08 18:22:50,N27E5,ESCH,Experimental,4G,46.99189,6.92735,342396.69468,5206447.8542,46.994722,6.926944,342374.15392,5206763.3773,316.34648276,22.540757964,315.52308617
2020:02:08 18:23:48,N27S5,ESCH,Standard,4G,46.99189,6.92735,342396.69468,5206447.8542,46.991667,6.927778,342428.58294,5206422.2121,40.921295332,31.888265539,25.642041808
